aX,aY,aZ,gX,gY,gZ
-0.346,-1.308,1.443,-268.555,231.445,42.664
0.061,-1.145,1.071,-322.998,284.729,53.955
0.640,-0.946,0.676,-353.394,298.523,65.002
1.028,-0.464,0.365,-340.393,279.358,71.350
1.349,-0.336,0.224,-284.668,231.506,87.097
1.292,-0.177,0.131,-214.600,170.837,88.623
1.076,-0.307,-0.026,-145.203,113.770,89.783
0.913,-0.345,-0.266,-86.609,73.242,80.627
0.828,-0.285,-0.358,-37.720,55.664,67.383
0.638,-0.185,-0.381,-1.038,56.091,57.251
0.443,-0.068,-0.384,28.259,61.035,46.631
0.395,-0.335,-0.449,51.636,71.533,40.894
0.577,-0.504,-0.328,61.157,90.210,24.597
0.742,-0.625,-0.287,55.786,91.492,0.977
0.729,-0.473,-0.237,45.410,85.510,-15.259
0.763,-0.485,-0.164,36.194,74.341,-21.118
0.878,-0.592,-0.144,27.100,54.077,-26.428
0.970,-0.655,-0.133,19.775,29.907,-32.593
1.012,-0.658,-0.126,16.052,3.479,-34.729
1.069,-0.625,-0.060,14.038,-22.461,-32.715
1.134,-0.674,0.032,15.076,-48.523,-26.489
1.098,-0.696,0.054,15.808,-73.364,-22.339
0.951,-0.776,0.062,15.930,-86.487,-17.334
0.784,-0.799,0.159,10.620,-77.026,-15.808
0.713,-0.782,0.279,1.221,-50.720,-12.451
0.680,-0.760,0.287,-7.874,-25.391,-4.944
0.650,-0.733,0.234,-14.832,-6.958,3.479
0.648,-0.682,0.138,-19.348,2.747,10.742
0.661,-0.643,0.037,-21.179,6.775,15.869
0.654,-0.629,-0.031,-20.447,8.179,18.066
0.633,-0.622,-0.080,-18.250,8.545,18.066
0.646,-0.625,-0.114,-14.221,6.409,16.663
0.686,-0.633,-0.138,-8.911,1.343,13.977
0.718,-0.652,-0.144,-2.502,-5.066,11.047
0.743,-0.678,-0.139,3.296,-12.390,7.629
0.750,-0.688,-0.138,8.484,-21.118,3.174
0.749,-0.712,-0.134,13.062,-29.053,-0.122
0.748,-0.753,-0.131,17.761,-35.828,-2.869
0.735,-0.770,-0.112,21.790,-40.833,-5.432
0.718,-0.773,-0.089,24.902,-44.617,-7.019
0.696,-0.789,-0.073,27.222,-47.058,-7.446
0.667,-0.807,-0.061,28.992,-47.852,-7.446
0.651,-0.835,-0.043,29.175,-45.898,-6.836
0.625,-0.839,-0.031,27.710,-42.725,-7.019
0.591,-0.837,-0.015,25.757,-38.330,-6.348
0.583,-0.850,-0.012,23.315,-33.020,-5.737
0.597,-0.862,-0.019,19.958,-27.222,-5.920
0.613,-0.858,-0.009,15.930,-21.240,-6.348
0.618,-0.846,0.015,11.841,-17.578,-5.798
0.622,-0.849,0.033,8.606,-17.456,-4.517
0.627,-0.857,0.056,6.287,-19.409,-3.662
0.631,-0.860,0.085,4.395,-22.644,-3.235
0.620,-0.871,0.119,3.418,-27.344,-3.174
0.599,-0.867,0.134,2.502,-32.593,-3.723
0.567,-0.864,0.158,0.793,-36.072,-4.456
0.544,-0.860,0.184,-1.099,-37.598,-5.066
0.506,-0.854,0.187,-3.113,-36.926,-5.249
0.495,-0.852,0.202,-4.456,-32.227,-5.310
0.516,-0.873,0.224,-5.798,-25.330,-5.371
0.540,-0.861,0.214,-8.423,-19.592,-6.042
0.563,-0.859,0.221,-11.475,-13.916,-4.944
0.570,-0.838,0.212,-13.672,-11.292,-3.784
0.578,-0.834,0.183,-15.381,-11.230,-2.625
0.586,-0.829,0.161,-15.747,-10.559,-1.343
0.595,-0.816,0.159,-14.648,-9.705,-0.610
0.598,-0.799,0.151,-13.184,-9.399,-0.183
0.607,-0.802,0.147,-10.437,-9.338,0.183
0.620,-0.816,0.147,-6.958,-9.399,-0.061
0.623,-0.825,0.155,-3.662,-10.132,-0.732
0.615,-0.828,0.162,-0.244,-11.475,-1.892
0.627,-0.827,0.172,2.686,-12.878,-3.052
0.643,-0.838,0.190,4.700,-13.672,-3.296
0.654,-0.844,0.207,5.554,-14.221,-3.601
0.664,-0.848,0.229,4.883,-15.320,-3.357
0.677,-0.854,0.259,2.441,-16.907,-2.380
0.667,-0.855,0.282,-1.526,-20.081,-0.305
0.639,-0.849,0.293,-5.859,-24.109,2.075
0.608,-0.847,0.292,-10.742,-28.198,4.272
0.579,-0.846,0.296,-14.771,-30.518,5.798
0.550,-0.843,0.301,-18.372,-30.945,6.653
0.524,-0.838,0.303,-20.874,-29.724,7.019
0.509,-0.840,0.309,-22.217,-26.428,7.141
0.508,-0.851,0.317,-22.827,-22.095,7.446
0.505,-0.853,0.319,-23.621,-16.663,8.362
0.495,-0.853,0.305,-24.475,-11.169,9.460
0.495,-0.865,0.287,-24.536,-5.066,9.949
0.504,-0.867,0.273,-22.766,3.296,9.338
0.509,-0.865,0.259,-19.653,14.343,8.606
0.524,-0.858,0.262,-16.602,28.564,8.728
0.540,-0.865,0.266,-14.709,45.166,10.559
0.556,-0.877,0.271,-13.672,63.721,13.855
0.596,-0.898,0.273,-14.465,82.397,17.944
0.643,-0.889,0.272,-16.602,99.548,22.095
0.701,-0.888,0.261,-19.897,113.770,26.672
0.765,-0.880,0.255,-24.353,125.793,32.104
0.813,-0.869,0.263,-29.602,136.414,38.574
0.838,-0.852,0.264,-34.973,145.203,45.715
0.865,-0.824,0.257,-39.368,151.306,53.284
0.896,-0.810,0.238,-41.626,154.785,60.242
0.920,-0.791,0.216,-42.603,155.640,66.345
0.934,-0.771,0.183,-42.419,153.687,71.594
0.945,-0.747,0.147,-40.527,149.536,76.294
0.964,-0.715,0.108,-36.865,143.372,80.261
0.974,-0.680,0.078,-33.020,136.841,84.900
0.941,-0.648,0.047,-28.564,131.042,89.783
0.893,-0.629,0.021,-23.254,128.540,95.032
0.860,-0.624,-0.003,-18.799,128.723,99.304
0.841,-0.620,-0.021,-14.771,131.348,101.746
0.833,-0.612,-0.028,-11.719,134.460,102.966
0.860,-0.598,-0.037,-10.193,135.132,103.455
0.915,-0.603,-0.040,-9.583,132.568,103.638
0.947,-0.595,-0.037,-10.925,126.465,104.431
0.952,-0.569,-0.043,-13.245,115.845,104.797
0.956,-0.550,-0.058,-14.709,102.295,104.858
0.944,-0.530,-0.069,-15.686,87.402,103.699
0.912,-0.502,-0.077,-16.724,73.303,101.990
0.876,-0.480,-0.087,-17.944,59.570,100.525
0.846,-0.467,-0.115,-18.127,46.997,98.328
0.821,-0.453,-0.135,-17.700,37.903,94.727

-1.469,1.017,0.718,-106.567,-150.879,-23.865
-1.025,0.863,0.646,-96.375,-63.782,-20.996
-0.760,0.765,0.669,-87.158,-4.517,-24.719
-0.762,0.668,0.565,-85.632,20.630,-29.663
-0.797,0.702,0.243,-86.121,29.480,-35.767
-0.829,0.699,-0.108,-77.332,40.649,-34.119
-0.940,0.741,-0.201,-59.143,60.242,-30.151
-0.825,0.758,-0.439,-38.940,81.909,-24.414
-0.654,0.536,-0.144,-16.296,109.192,-14.221
-0.484,0.543,-0.040,-13.611,111.206,-18.250
-0.428,0.565,-0.056,-15.564,91.370,-25.635
-0.445,0.682,-0.125,-20.691,71.350,-25.818
-0.438,0.802,-0.151,-15.808,58.533,-20.020
-0.403,0.873,-0.086,2.502,46.448,-13.062
-0.361,0.788,0.118,26.428,30.212,-7.690
-0.376,0.601,0.281,41.992,7.874,-4.395
-0.424,0.522,0.285,45.898,-17.578,-5.249
-0.497,0.533,0.272,49.622,-37.170,-5.005
-0.623,0.282,0.671,51.453,-41.199,-6.409
-0.691,0.082,0.998,16.602,-35.645,-13.000
-0.772,0.349,1.012,-34.424,-27.588,-20.264
-0.764,0.589,0.853,-65.002,-10.986,-25.940
-0.608,0.713,0.664,-73.181,10.010,-35.461
-0.571,0.772,0.555,-66.162,25.696,-44.922
-0.633,0.678,0.663,-55.420,40.039,-50.964
-0.790,0.547,0.634,-61.401,59.753,-53.833
-0.959,0.525,0.526,-81.787,79.773,-55.237
-0.946,0.894,-0.347,-94.299,92.346,-52.673
-0.854,0.926,-0.278,-68.909,118.286,-41.077
-0.763,1.006,-0.528,-40.222,133.179,-42.969
-0.663,0.688,-0.099,-15.320,134.399,-50.476
-0.521,1.005,-0.079,-16.724,127.869,-62.317
-0.322,0.984,0.095,-2.563,93.872,-60.608
-0.321,0.985,0.253,3.967,61.768,-48.157
-0.308,1.042,0.225,-1.343,33.142,-38.879
-0.339,1.084,0.091,-1.587,12.085,-24.841
-0.361,1.197,0.136,2.197,1.160,-13.733
-0.340,1.189,0.180,11.963,-2.197,-8.667
-0.277,1.163,0.256,21.179,-4.272,-4.150
-0.219,1.178,0.314,30.457,-11.597,-1.831
-0.256,1.169,0.339,41.748,-25.696,-2.991
-0.319,1.064,0.277,50.903,-38.147,-4.517
-0.308,1.008,0.219,60.120,-41.809,-3.601
-0.186,1.160,0.090,78.552,-46.387,-2.747
-0.155,0.836,0.293,104.492,-68.237,-4.028
-0.332,0.088,0.682,84.106,-76.965,1.038
-0.282,0.258,0.757,20.386,-60.364,14.038
-0.326,0.684,0.610,-18.250,-65.552,24.292
-0.472,0.739,0.525,-31.738,-69.519,27.405
-0.515,0.686,0.497,-35.156,-63.904,23.132
-0.511,0.736,0.455,-34.241,-54.077,17.761
-0.542,0.744,0.445,-31.311,-43.457,15.137
-0.532,0.699,0.510,-30.273,-30.457,16.479
-0.452,0.765,0.575,-31.982,-20.081,18.250
-0.470,0.849,0.548,-32.349,-17.822,20.081
-0.790,0.717,0.383,-26.978,-15.076,21.423
-1.010,0.740,0.302,-21.606,0.488,11.353
-0.962,0.750,0.131,-15.625,31.555,-1.648
-0.884,0.617,-0.002,-2.441,75.500,-17.334
-0.773,0.500,0.076,2.319,114.746,-35.950
-0.580,0.499,0.195,-2.991,135.803,-50.903
-0.520,0.666,0.190,-6.531,138.428,-64.209
-0.499,0.804,0.189,-0.854,133.118,-73.181
-0.377,0.898,-0.029,12.329,131.165,-69.336
-0.214,0.643,0.059,36.011,123.352,-58.044
-0.170,0.492,0.127,44.861,98.328,-46.326
-0.155,0.522,0.271,37.109,70.679,-38.696
-0.055,0.592,0.380,23.926,38.635,-35.217
0.024,0.683,0.328,15.137,-6.104,-30.212
-0.065,0.601,0.262,16.052,-54.871,-19.775
-0.340,0.498,0.311,13.489,-81.665,-8.972
-0.476,0.537,0.335,2.625,-78.796,-6.287
-0.502,0.526,0.233,-6.042,-67.932,-9.888
-0.531,0.429,0.166,-13.672,-52.856,-14.465
-0.552,0.362,0.186,-25.635,-27.893,-22.522
-0.528,0.344,0.219,-41.016,-0.610,-36.133
-0.459,0.345,0.243,-58.777,23.865,-50.720
-0.385,0.393,0.261,-75.562,43.945,-63.965
-0.320,0.455,0.252,-86.914,57.068,-74.890
-0.267,0.524,0.225,-91.492,63.660,-83.313
-0.237,0.557,0.177,-89.783,65.247,-89.783
-0.249,0.582,0.135,-82.703,65.063,-95.764
-0.245,0.613,0.146,-71.411,67.078,-102.722
-0.205,0.601,0.169,-58.716,70.251,-109.802
-0.151,0.555,0.163,-48.157,71.960,-118.530
-0.113,0.560,0.184,-41.199,71.411,-127.197
-0.121,0.591,0.211,-36.133,68.115,-134.094
-0.144,0.620,0.228,-31.189,63.171,-140.930
-0.160,0.632,0.230,-25.513,59.692,-148.010
-0.177,0.618,0.229,-20.386,58.716,-154.724
-0.201,0.597,0.213,-16.052,61.157,-162.048
-0.198,0.575,0.200,-12.634,67.688,-171.082
-0.167,0.571,0.209,-9.399,76.904,-181.946
-0.134,0.566,0.231,-6.104,85.205,-193.359
-0.081,0.563,0.277,-1.587,90.881,-204.285
-0.017,0.592,0.344,4.333,91.431,-213.928
0.007,0.601,0.382,12.512,86.304,-222.473
0.019,0.555,0.394,21.667,78.857,-230.286
0.039,0.480,0.402,29.419,72.266,-238.037
0.068,0.406,0.403,32.837,67.566,-247.009
0.123,0.322,0.383,31.921,65.369,-257.690
0.206,0.232,0.334,25.940,66.101,-269.897
0.291,0.164,0.258,16.541,70.068,-284.302
0.371,0.143,0.180,6.287,77.820,-298.828
0.439,0.151,0.124,-2.197,87.036,-311.279
0.510,0.149,0.089,-7.385,94.849,-319.946
0.603,0.136,0.063,-9.277,99.121,-325.806
0.677,0.122,0.062,-8.179,100.708,-330.078
0.706,0.090,0.087,-4.456,99.854,-332.642
0.760,0.035,0.108,-0.122,95.215,-334.351
0.870,-0.019,0.110,4.089,86.792,-337.952
0.931,-0.060,0.105,8.484,76.355,-343.994
0.953,-0.109,0.094,13.184,65.369,-348.755
1.039,-0.196,0.062,16.174,54.016,-351.501
1.176,-0.272,0.011,16.052,43.701,-355.164
1.220,-0.271,-0.020,15.015,38.391,-358.276
1.208,-0.215,-0.016,15.991,38.330,-355.896
1.167,-0.213,-0.032,19.104,39.246,-347.473
1.166,-0.255,-0.044,21.423,41.870,-336.426

1.346,-0.865,0.862,-91.492,292.236,-7.629
1.508,-0.824,0.830,-101.440,249.756,-18.738
1.454,-0.720,0.712,-99.792,178.711,-30.457
1.277,-0.670,0.569,-88.501,103.516,-39.917
1.055,-0.642,0.471,-72.144,42.358,-46.814
0.908,-0.660,0.350,-54.199,1.099,-52.856
0.813,-0.656,0.232,-37.842,-25.452,-58.289
0.710,-0.656,0.155,-21.851,-41.260,-64.392
0.622,-0.714,0.099,-5.493,-47.546,-71.594
0.561,-0.784,0.076,7.446,-49.683,-80.139
0.500,-0.827,0.089,12.634,-49.561,-87.585
0.485,-0.882,0.095,11.597,-49.011,-92.834
0.493,-0.942,0.090,4.089,-49.072,-95.520
0.480,-0.981,0.071,-7.019,-50.903,-97.839
0.457,-1.001,0.044,-16.968,-52.612,-100.037
0.467,-1.053,0.037,-24.170,-52.551,-102.417
0.509,-1.137,0.048,-27.588,-51.575,-105.652
0.540,-1.181,0.068,-26.794,-50.781,-110.779
0.547,-1.165,0.111,-22.339,-50.842,-117.371
0.553,-1.120,0.161,-13.062,-52.063,-124.695
0.569,-1.073,0.203,0.977,-55.176,-131.836
0.585,-1.043,0.236,18.677,-59.509,-138.306
0.579,-1.028,0.256,37.903,-64.270,-143.616
0.551,-1.020,0.261,57.068,-68.604,-148.010
0.522,-1.024,0.256,74.951,-71.045,-150.330
0.486,-1.037,0.251,91.064,-71.350,-150.024
0.444,-1.076,0.250,105.286,-68.604,-146.057
0.420,-1.133,0.270,117.432,-61.829,-139.160
0.416,-1.200,0.304,127.563,-52.063,-130.371
0.414,-1.244,0.344,134.033,-41.931,-120.667
0.418,-1.260,0.378,136.230,-32.959,-109.680
0.432,-1.266,0.391,134.705,-26.917,-97.473
0.452,-1.272,0.397,129.395,-23.560,-83.984
0.462,-1.275,0.395,120.972,-22.888,-68.848
0.464,-1.273,0.386,109.619,-25.452,-52.551
0.453,-1.261,0.372,95.276,-30.518,-36.377
0.439,-1.247,0.360,78.857,-36.865,-20.203
0.414,-1.228,0.352,60.974,-44.983,-5.005
0.381,-1.213,0.343,41.565,-54.138,8.545
0.345,-1.192,0.324,21.362,-64.148,20.325
0.312,-1.175,0.304,2.502,-74.463,29.297
0.278,-1.153,0.274,-15.625,-83.679,35.828
0.255,-1.123,0.242,-31.921,-91.309,40.833
0.242,-1.098,0.211,-45.288,-97.656,45.959
0.234,-1.081,0.184,-56.274,-102.905,51.147
0.221,-1.056,0.161,-65.979,-108.093,55.237
0.202,-1.030,0.133,-74.219,-112.854,57.861
0.173,-1.010,0.101,-81.421,-115.723,59.082
0.144,-1.000,0.071,-87.158,-116.211,59.082
0.116,-0.986,0.040,-91.248,-114.014,57.922
0.087,-0.970,0.013,-93.628,-108.948,56.335
0.056,-0.955,-0.006,-94.238,-100.708,54.199
0.032,-0.936,-0.018,-92.896,-89.478,51.636
0.019,-0.920,-0.024,-90.210,-75.867,49.255
0.008,-0.898,-0.025,-85.327,-60.181,46.753
0.004,-0.878,-0.026,-78.735,-43.640,44.067
0.008,-0.859,-0.022,-70.618,-26.794,41.321
0.022,-0.848,-0.014,-61.462,-10.498,38.208
0.043,-0.838,-0.001,-51.147,4.272,34.912
0.058,-0.832,0.014,-40.100,18.250,31.189
0.074,-0.829,0.029,-28.015,30.090,27.161
0.099,-0.829,0.045,-15.869,39.734,23.010
0.132,-0.833,0.061,-4.211,46.387,18.433
0.166,-0.842,0.078,7.385,50.293,13.855
0.197,-0.856,0.096,18.555,51.208,9.277
0.225,-0.874,0.116,28.259,49.316,5.249
0.250,-0.894,0.134,36.987,44.800,1.953
0.276,-0.914,0.151,44.128,37.903,-0.732
0.302,-0.941,0.176,49.805,28.809,-2.502
0.338,-0.999,0.232,53.833,17.334,-3.357
0.362,-1.070,0.309,54.810,1.770,-3.967
0.366,-1.094,0.340,51.880,-17.212,-5.432
0.352,-1.110,0.393,48.462,-37.231,-7.385
0.307,-1.125,0.435,44.800,-56.702,-7.812
0.239,-1.135,0.466,41.016,-74.463,-7.385
0.179,-1.142,0.490,36.621,-88.379,-6.348
0.133,-1.165,0.511,30.945,-97.900,-4.517
0.093,-1.193,0.521,24.414,-102.234,-2.502
0.059,-1.207,0.531,16.724,-103.882,-0.427
0.047,-1.180,0.502,8.789,-104.919,0.793
0.065,-1.148,0.462,4.333,-106.812,1.221
0.077,-1.136,0.413,3.845,-109.802,1.831
0.071,-1.134,0.377,5.554,-111.877,3.784
0.074,-1.153,0.350,7.324,-112.488,5.554
0.075,-1.147,0.323,8.667,-111.267,6.592
0.069,-1.147,0.303,8.789,-107.971,9.644
0.079,-1.172,0.286,8.972,-102.661,14.709
0.116,-1.207,0.255,10.681,-94.299,21.606
0.145,-1.224,0.234,10.620,-81.360,30.457
0.160,-1.220,0.230,7.507,-65.002,41.687
0.151,-1.203,0.225,2.075,-47.791,56.396
0.150,-1.183,0.214,-3.540,-31.677,72.693
0.178,-1.186,0.212,-7.874,-16.174,86.975
0.203,-1.195,0.201,-11.414,-0.977,98.206
0.219,-1.220,0.206,-15.442,15.991,105.835
0.237,-1.261,0.217,-19.287,34.607,108.276
0.260,-1.309,0.231,-21.912,54.016,106.506
0.340,-1.352,0.255,-24.292,73.486,103.088
0.420,-1.370,0.263,-26.245,88.867,100.464
0.474,-1.315,0.260,-28.564,97.900,100.647
0.527,-1.265,0.260,-31.677,101.807,103.943
0.566,-1.255,0.256,-33.386,101.074,110.352
0.602,-1.255,0.254,-34.729,97.107,117.798
0.636,-1.257,0.250,-35.461,91.797,123.901
0.610,-1.239,0.231,-36.072,87.341,128.662
0.562,-1.199,0.203,-36.438,85.571,132.446
0.610,-1.188,0.198,-35.828,87.524,135.559
0.681,-1.193,0.194,-34.363,91.064,136.475
0.693,-1.157,0.174,-33.508,93.140,136.780
0.704,-1.115,0.170,-32.776,96.069,140.625
0.735,-1.063,0.172,-32.349,99.243,147.949
0.837,-1.057,0.190,-31.189,100.830,155.212
0.927,-1.078,0.209,-31.311,102.051,162.292
0.920,-1.051,0.215,-34.302,101.196,170.349
0.859,-0.992,0.205,-38.574,98.694,179.504
0.846,-0.927,0.191,-42.908,96.741,188.904
0.873,-0.889,0.191,-48.401,98.022,199.341
0.813,-0.816,0.170,-54.871,101.135,210.571
0.718,-0.720,0.127,-59.875,103.333,219.727

1.003,-1.198,0.459,82.947,10.559,-180.847
1.040,-1.227,0.451,102.539,-4.150,-190.857
1.054,-1.255,0.433,119.690,-19.775,-198.242
1.057,-1.300,0.389,132.996,-35.950,-201.111
1.048,-1.339,0.335,141.235,-52.429,-199.402
1.035,-1.345,0.287,142.334,-68.604,-192.322
1.020,-1.318,0.236,137.878,-83.801,-180.542
0.998,-1.272,0.211,130.005,-97.900,-164.490
0.954,-1.234,0.192,120.117,-112.488,-144.104
0.894,-1.216,0.167,109.009,-126.709,-120.544
0.823,-1.204,0.143,95.581,-139.771,-95.459
0.738,-1.186,0.113,80.017,-151.001,-70.313
0.636,-1.177,0.088,63.599,-158.691,-45.837
0.518,-1.178,0.061,46.997,-161.987,-24.353
0.410,-1.182,0.043,30.640,-159.729,-5.920
0.310,-1.178,0.033,14.526,-151.733,9.583
0.224,-1.173,0.027,-0.854,-138.916,22.705
0.166,-1.159,0.025,-14.893,-122.070,32.715
0.125,-1.135,0.028,-27.710,-102.356,40.649
0.096,-1.102,0.035,-38.818,-80.994,46.326
0.074,-1.067,0.044,-47.424,-59.143,50.598
0.063,-1.035,0.057,-53.284,-38.025,53.833
0.057,-1.008,0.070,-56.580,-18.738,55.847
0.060,-0.995,0.076,-57.983,-1.831,56.946
0.070,-0.979,0.078,-57.678,13.245,56.641
0.083,-0.958,0.077,-56.946,26.489,55.603
0.099,-0.935,0.076,-55.542,37.109,53.528
0.119,-0.912,0.074,-53.223,45.532,50.415
0.136,-0.889,0.072,-50.842,51.270,46.753
0.154,-0.863,0.068,-47.607,54.871,42.480
0.169,-0.840,0.065,-44.617,56.763,37.659
0.180,-0.825,0.063,-41.260,56.824,32.471
0.185,-0.816,0.058,-37.964,56.030,27.222
0.188,-0.811,0.054,-34.729,54.138,22.034
0.193,-0.812,0.053,-31.128,51.819,16.724
0.198,-0.819,0.049,-28.015,49.011,10.986
0.203,-0.830,0.046,-25.574,46.326,5.066
0.209,-0.839,0.044,-23.193,43.823,-0.977
0.216,-0.852,0.043,-21.118,41.443,-6.531
0.227,-0.866,0.043,-19.104,38.818,-11.841
0.236,-0.876,0.044,-17.395,36.072,-16.602
0.253,-0.882,0.044,-15.259,33.142,-20.081
0.270,-0.894,0.047,-13.367,29.968,-22.339
0.284,-0.909,0.049,-11.414,26.184,-24.048
0.294,-0.925,0.052,-9.155,22.095,-25.452
0.308,-0.940,0.057,-7.080,17.578,-27.039
0.322,-0.951,0.061,-4.700,12.390,-28.503
0.335,-0.965,0.067,-1.953,6.470,-30.212
0.348,-0.975,0.070,0.549,0.793,-31.189
0.359,-0.985,0.074,3.052,-5.249,-32.104
0.372,-0.997,0.085,5.798,-12.085,-32.898
0.379,-1.001,0.091,8.850,-19.409,-33.081
0.384,-1.005,0.099,12.268,-27.222,-32.471
0.390,-1.007,0.103,15.564,-35.400,-31.372
0.390,-1.012,0.110,18.799,-43.274,-29.175
0.380,-1.018,0.111,21.729,-51.514,-26.184
0.370,-1.018,0.112,24.536,-59.082,-22.156
0.360,-1.020,0.115,26.672,-65.674,-17.517
0.342,-1.024,0.115,28.320,-70.862,-12.512
0.318,-1.031,0.114,28.625,-74.341,-7.751
0.295,-1.036,0.114,27.771,-75.806,-3.906
0.270,-1.040,0.110,26.184,-75.500,-0.793
0.248,-1.043,0.108,23.987,-73.364,2.014
0.223,-1.043,0.107,21.362,-69.458,4.089
0.208,-1.042,0.111,18.860,-64.026,5.737
0.198,-1.040,0.122,16.174,-57.373,6.775
0.191,-1.039,0.132,14.160,-50.293,7.202
0.189,-1.042,0.144,12.878,-42.969,7.202
0.195,-1.047,0.158,11.719,-35.583,6.836
0.201,-1.050,0.168,11.047,-28.870,6.042
0.200,-1.042,0.169,9.888,-22.888,5.371
0.200,-1.028,0.167,7.568,-17.151,4.822
0.204,-1.014,0.163,5.188,-11.536,4.456
0.203,-1.005,0.153,2.136,-6.348,4.333
0.200,-1.002,0.143,-1.343,-0.854,4.333
0.203,-1.006,0.141,-5.005,5.005,4.211
0.225,-1.014,0.150,-7.874,10.925,4.272
0.266,-1.026,0.170,-9.766,16.174,4.028
0.322,-1.046,0.197,-9.033,19.836,2.441
0.379,-1.070,0.226,-6.348,21.301,-0.183
0.415,-1.096,0.244,-1.648,21.240,-3.113
0.432,-1.123,0.246,3.052,19.653,-5.066
0.446,-1.134,0.242,6.348,17.639,-5.493
0.458,-1.135,0.238,7.324,15.930,-3.662
0.455,-1.132,0.229,5.981,14.282,0.305
0.434,-1.130,0.214,2.625,12.939,6.714
0.413,-1.133,0.202,-3.113,13.245,14.343
0.396,-1.136,0.188,-10.193,15.137,22.278
0.382,-1.139,0.175,-17.700,18.555,30.090
0.378,-1.146,0.172,-25.208,23.499,37.170
0.372,-1.147,0.165,-31.860,29.602,42.480
0.359,-1.131,0.157,-38.269,36.316,46.143
0.351,-1.106,0.156,-44.250,43.152,48.767
0.353,-1.083,0.154,-49.255,49.438,50.903
0.365,-1.070,0.156,-53.345,54.688,52.734
0.377,-1.053,0.160,-56.641,57.800,54.138
0.390,-1.038,0.164,-58.655,58.899,55.481
0.416,-1.029,0.175,-59.387,57.922,56.213
0.447,-1.022,0.186,-58.289,54.932,55.969
0.471,-1.011,0.199,-55.847,50.232,54.871
0.485,-1.000,0.204,-52.490,44.556,53.101
0.487,-0.976,0.203,-49.683,38.513,52.124
0.485,-0.949,0.198,-47.241,33.020,52.429
0.496,-0.936,0.199,-45.288,29.175,54.810
0.507,-0.925,0.203,-44.189,27.710,58.960
0.509,-0.917,0.201,-43.457,26.917,63.049
0.513,-0.921,0.203,-43.457,28.259,66.589
0.532,-0.937,0.213,-44.800,31.494,69.824
0.557,-0.947,0.222,-46.875,35.583,72.510
0.589,-0.955,0.230,-48.828,39.612,75.195
0.652,-0.964,0.255,-51.147,44.373,79.956
0.717,-0.962,0.273,-53.406,47.058,85.632
0.745,-0.958,0.276,-54.993,46.997,90.088
0.759,-0.972,0.274,-55.298,47.363,92.712
0.753,-0.975,0.266,-55.908,51.392,94.055
0.756,-0.965,0.252,-56.763,58.777,94.543
0.773,-0.952,0.231,-57.007,67.993,95.459
0.775,-0.918,0.217,-56.885,78.186,98.938
0.781,-0.888,0.209,-57.617,88.562,105.957

-0.504,-2.982,-0.027,229.553,45.898,-274.109
-0.473,-3.610,0.008,253.845,164.124,-300.598
0.244,-3.995,0.019,255.737,308.350,-325.867
1.726,-4.000,0.442,226.196,422.791,-323.059
2.898,-3.898,1.008,177.734,445.251,-298.157
3.453,-2.907,1.847,133.728,378.845,-261.963
3.458,-1.547,2.185,127.991,233.643,-220.032
2.430,-1.056,1.458,128.296,39.001,-177.917
1.513,-1.052,0.773,88.196,-127.136,-136.108
1.087,-1.145,0.289,36.255,-233.276,-85.144
0.866,-1.284,-0.039,-1.648,-283.936,-26.062
0.526,-1.279,-0.132,-35.461,-289.429,25.208
0.202,-1.365,-0.199,-75.745,-268.555,66.101
-0.033,-1.327,-0.285,-119.751,-232.422,86.426
-0.109,-1.239,-0.251,-152.466,-183.472,94.299
-0.087,-1.155,-0.210,-167.480,-133.362,97.290
-0.048,-1.070,-0.192,-170.532,-89.905,95.886
-0.010,-0.964,-0.107,-166.565,-50.964,94.543
0.028,-0.939,-0.020,-158.203,-19.714,97.778
0.040,-0.940,0.024,-147.949,3.601,99.609
0.018,-0.931,0.037,-137.878,24.597,98.999
-0.022,-0.956,0.019,-127.258,46.021,97.717
-0.030,-0.946,0.005,-115.417,66.650,91.125
0.010,-0.895,-0.004,-102.539,83.313,80.994
0.082,-0.837,-0.002,-89.050,94.604,70.923
0.147,-0.788,-0.005,-74.707,99.915,60.669
0.196,-0.755,-0.001,-60.303,100.586,50.842
0.229,-0.739,0.014,-45.959,97.290,42.114
0.256,-0.733,0.036,-31.860,89.783,34.241
0.274,-0.733,0.055,-19.348,78.979,27.039
0.273,-0.746,0.068,-9.521,65.979,20.935
0.261,-0.773,0.070,-2.136,52.002,15.564
0.241,-0.803,0.071,2.808,38.757,10.681
0.220,-0.827,0.068,5.798,28.076,5.798
0.206,-0.842,0.068,7.324,20.081,1.465
0.192,-0.863,0.063,7.935,15.564,-2.319
0.186,-0.877,0.060,7.996,13.550,-5.737
0.189,-0.884,0.056,7.568,13.367,-8.972
0.200,-0.886,0.051,7.690,14.587,-11.719
0.204,-0.917,0.044,8.240,17.273,-14.282
0.199,-0.928,0.060,8.850,20.386,-18.188
0.210,-0.955,0.068,8.301,23.682,-21.912
0.246,-0.981,0.069,6.287,26.062,-25.635
0.279,-0.980,0.075,3.845,27.039,-28.931
0.314,-0.946,0.109,2.380,26.123,-30.396
0.364,-0.938,0.158,4.639,20.874,-28.320
0.422,-0.925,0.207,10.986,9.766,-24.109
0.466,-0.909,0.259,20.630,-6.348,-17.273
0.492,-0.905,0.316,33.386,-27.588,-8.667
0.502,-0.911,0.374,48.889,-53.711,0.305
0.501,-0.941,0.443,64.758,-83.191,11.047
0.487,-1.007,0.520,77.698,-113.647,23.193
0.421,-1.054,0.567,83.923,-141.724,34.973
0.315,-1.099,0.563,81.604,-164.124,44.739
0.181,-1.143,0.512,72.388,-176.758,49.866
0.044,-1.174,0.422,57.556,-176.392,48.767
-0.055,-1.178,0.333,39.551,-161.621,42.969
-0.103,-1.144,0.267,21.057,-136.475,35.339
-0.116,-1.091,0.215,5.859,-107.727,27.710
-0.097,-1.046,0.176,-5.615,-79.773,20.630
-0.049,-1.019,0.156,-13.062,-54.077,14.587
-0.001,-0.982,0.148,-18.555,-33.875,9.399
0.051,-0.941,0.141,-21.545,-19.592,6.104
0.097,-0.909,0.143,-22.522,-11.108,5.127
0.119,-0.889,0.132,-21.362,-7.812,5.371
0.130,-0.878,0.115,-19.470,-6.714,6.348
0.138,-0.868,0.101,-17.395,-6.348,7.385
0.141,-0.866,0.087,-15.320,-6.042,8.423
0.136,-0.871,0.079,-13.611,-5.432,8.484
0.131,-0.883,0.078,-12.085,-4.333,7.446
0.126,-0.895,0.079,-10.254,-2.686,5.249
0.128,-0.901,0.079,-9.583,-0.244,2.380
0.132,-0.900,0.077,-8.667,2.075,-1.160
0.138,-0.897,0.079,-7.141,4.700,-4.456
0.146,-0.899,0.083,-5.310,7.263,-7.935
0.157,-0.905,0.087,-2.808,9.216,-10.803
0.171,-0.910,0.093,0.244,10.315,-13.123
0.181,-0.921,0.098,3.052,10.437,-14.648
0.187,-0.933,0.106,5.981,9.827,-15.747
0.187,-0.940,0.115,9.460,9.399,-16.418
0.187,-0.947,0.127,13.367,8.850,-17.090
0.181,-0.961,0.145,17.639,9.033,-17.517
0.171,-0.982,0.172,22.217,10.254,-17.639
0.165,-1.010,0.210,26.184,13.000,-17.944
0.168,-1.056,0.264,28.931,17.395,-18.372
0.182,-1.088,0.310,30.029,23.621,-19.348
0.205,-1.102,0.362,29.907,30.151,-20.691
0.244,-1.106,0.407,29.236,35.583,-22.278
0.288,-1.110,0.443,27.527,38.757,-22.888
0.342,-1.111,0.461,23.560,37.781,-22.461
0.382,-1.101,0.465,18.738,33.142,-20.874
0.398,-1.077,0.438,13.672,25.818,-18.005
0.397,-1.054,0.380,8.789,17.639,-13.184
0.392,-1.043,0.327,5.249,10.620,-6.836
0.387,-1.064,0.282,2.563,4.822,-1.160
0.380,-1.073,0.270,-0.427,-0.488,3.113
0.386,-1.054,0.260,-2.808,-6.592,6.104
0.406,-1.085,0.259,-1.587,-12.756,9.644
0.413,-1.162,0.266,0.793,-20.020,11.536
0.422,-1.189,0.266,3.540,-27.954,10.742
0.473,-1.194,0.300,9.521,-34.851,9.766
0.532,-1.245,0.320,18.677,-42.908,8.118
0.537,-1.301,0.299,25.757,-52.551,5.188
0.497,-1.335,0.276,27.954,-59.875,2.625
0.442,-1.344,0.248,25.574,-63.538,2.563
0.406,-1.351,0.208,19.897,-63.293,5.798
0.403,-1.369,0.189,12.329,-57.861,11.719
0.408,-1.341,0.196,4.272,-49.377,20.020
0.392,-1.352,0.179,-3.174,-40.649,32.715
0.360,-1.381,0.166,-12.146,-31.494,46.448
0.335,-1.392,0.158,-22.461,-21.118,59.998
0.337,-1.374,0.169,-33.081,-10.498,72.571
0.364,-1.361,0.182,-42.297,-0.549,83.862
0.369,-1.345,0.186,-49.683,8.850,93.689
0.359,-1.340,0.184,-56.335,18.005,102.478
0.353,-1.340,0.178,-62.561,27.283,109.192
0.353,-1.327,0.167,-67.017,37.292,113.831
0.366,-1.321,0.167,-69.214,48.889,116.882
0.405,-1.334,0.173,-69.458,60.608,119.019

0.562,-2.426,0.486,103.638,-62.256,-278.687
0.620,-2.728,0.560,94.604,-51.758,-270.935
0.649,-2.899,0.589,90.454,-47.668,-270.142
0.741,-3.002,0.605,96.863,-38.269,-275.208
0.835,-3.103,0.611,114.441,-19.836,-285.522
0.946,-3.173,0.626,137.329,6.592,-304.932
1.098,-3.023,0.632,160.095,39.917,-328.918
1.411,-2.969,0.686,178.284,73.425,-345.581
1.594,-2.755,0.659,185.364,95.276,-362.427
1.884,-2.474,0.794,184.265,106.995,-370.056
2.180,-2.006,0.918,192.383,89.966,-360.474
2.263,-1.545,0.894,214.661,44.006,-324.036
2.041,-1.349,0.672,225.098,-20.508,-275.269
1.639,-1.146,0.390,202.393,-85.938,-223.755
1.224,-1.094,0.231,165.527,-133.545,-151.489
0.891,-0.948,0.152,117.249,-161.011,-76.172
0.652,-0.947,0.114,68.909,-168.030,0.610
0.430,-1.044,0.071,23.743,-160.889,67.444
0.198,-1.142,0.029,-15.076,-143.250,117.249
0.027,-1.209,0.024,-50.171,-115.845,151.733
-0.071,-1.270,0.036,-81.238,-80.261,173.340
-0.106,-1.281,0.076,-108.215,-40.344,182.434
-0.106,-1.307,0.049,-129.089,-3.845,183.350
-0.093,-1.310,-0.023,-144.836,30.701,176.208
-0.059,-1.235,-0.043,-155.945,67.810,164.062
-0.023,-1.183,-0.059,-160.950,101.501,152.405
0.015,-1.141,-0.060,-161.865,129.150,138.428
0.065,-1.037,-0.042,-161.072,150.269,122.620
0.118,-0.981,-0.040,-154.785,162.598,110.657
0.161,-0.977,-0.030,-145.752,166.687,99.915
0.191,-0.929,-0.013,-137.878,162.842,87.952
0.201,-0.847,-0.008,-128.235,153.015,78.918
0.205,-0.785,-0.009,-115.479,140.686,72.388
0.213,-0.716,0.003,-101.196,127.686,65.674
0.214,-0.641,0.009,-84.351,113.525,59.082
0.205,-0.615,-0.004,-64.941,99.670,53.284
0.184,-0.645,-0.043,-46.021,88.135,45.776
0.160,-0.715,-0.073,-29.602,81.055,35.095
0.153,-0.769,-0.018,-18.494,77.087,20.020
0.154,-0.726,-0.006,-10.559,70.679,2.502
0.180,-0.750,0.006,-1.404,66.589,-10.498
0.210,-0.769,0.032,5.493,63.171,-22.705
0.224,-0.772,0.046,10.742,58.472,-32.776
0.245,-0.776,0.075,15.381,53.040,-40.405
0.268,-0.793,0.100,19.592,46.021,-46.814
0.277,-0.806,0.122,23.804,38.025,-51.819
0.281,-0.845,0.131,27.161,29.114,-54.871
0.289,-0.887,0.121,27.588,19.470,-57.739
0.302,-0.909,0.107,25.452,10.498,-60.425
0.321,-0.929,0.100,22.583,2.808,-62.317
0.346,-0.940,0.129,19.531,-4.211,-63.538
0.406,-0.983,0.247,17.334,-12.085,-62.134
0.497,-1.000,0.382,15.381,-22.827,-56.885
0.561,-0.980,0.494,16.052,-35.889,-46.814
0.546,-0.987,0.578,23.926,-49.805,-33.875
0.462,-1.005,0.659,38.391,-59.631,-23.437
0.413,-1.032,0.699,53.284,-62.927,-18.738
0.426,-1.076,0.678,62.744,-62.805,-15.686
0.425,-1.125,0.634,63.232,-62.012,-11.597
0.385,-1.160,0.569,56.152,-62.744,-7.019
0.349,-1.165,0.486,43.823,-63.110,-2.747
0.323,-1.153,0.391,30.151,-61.523,2.136
0.315,-1.123,0.312,15.503,-58.105,6.775
0.314,-1.076,0.246,2.563,-55.481,10.742
0.311,-1.031,0.192,-7.141,-54.504,13.916
0.310,-1.004,0.174,-12.573,-54.688,16.052
0.288,-0.994,0.174,-14.221,-57.739,16.174
0.246,-0.978,0.153,-13.000,-63.477,14.465
0.201,-0.958,0.123,-10.071,-68.176,11.108
0.174,-0.937,0.102,-5.188,-69.580,7.080
0.163,-0.927,0.088,-0.488,-67.993,4.578
0.164,-0.931,0.082,3.296,-64.087,3.967
0.160,-0.934,0.077,5.615,-59.448,3.723
0.150,-0.937,0.071,6.775,-54.749,3.540
0.146,-0.936,0.064,5.920,-49.255,3.296
0.142,-0.940,0.054,3.784,-43.274,2.441
0.132,-0.954,0.045,0.916,-35.828,0.732
0.124,-0.960,0.040,-3.235,-27.161,-1.587
0.125,-0.958,0.041,-7.202,-17.761,-3.357
0.131,-0.954,0.045,-10.498,-8.057,-5.066
0.146,-0.951,0.050,-13.184,1.160,-6.653
0.167,-0.942,0.057,-15.076,9.644,-7.690
0.186,-0.934,0.060,-16.113,16.357,-8.118
0.204,-0.932,0.061,-16.235,21.423,-8.057
0.219,-0.931,0.065,-15.625,24.597,-7.629
0.233,-0.932,0.069,-14.282,26.367,-6.592
0.246,-0.931,0.074,-12.756,26.794,-5.615
0.252,-0.932,0.079,-10.193,25.513,-4.700
0.258,-0.938,0.084,-7.568,23.621,-4.028
0.262,-0.939,0.085,-5.127,21.179,-3.662
0.265,-0.939,0.084,-2.625,18.188,-3.906
0.268,-0.943,0.084,-0.427,15.320,-4.028
0.271,-0.949,0.088,1.465,12.512,-3.906
0.275,-0.948,0.095,3.479,9.399,-3.662
0.276,-0.951,0.103,5.432,5.859,-3.357
0.280,-0.958,0.114,7.568,2.625,-3.113
0.282,-0.960,0.123,9.521,-0.916,-2.502
0.281,-0.962,0.133,10.498,-4.517,-1.587
0.278,-0.963,0.142,11.902,-8.179,-0.977
0.275,-0.965,0.152,13.489,-11.597,-0.610
0.270,-0.967,0.161,14.709,-15.137,-0.427
0.263,-0.969,0.174,15.991,-18.555,-0.488
0.255,-0.968,0.185,17.761,-21.362,-0.671
0.253,-0.972,0.195,18.616,-23.315,-0.610
0.247,-0.974,0.204,19.897,-25.024,-0.305
0.240,-0.979,0.209,20.813,-26.001,-0.488
0.236,-0.990,0.215,21.057,-26.001,-0.977
0.234,-1.001,0.219,20.630,-24.841,-1.343
0.233,-1.009,0.231,19.287,-22.400,-1.831
0.237,-1.009,0.244,16.235,-18.555,-1.953
0.243,-1.006,0.254,12.512,-14.099,-1.770
0.249,-1.004,0.261,8.667,-10.010,-1.038
0.253,-1.000,0.262,5.676,-6.226,-0.183
0.257,-0.991,0.255,3.235,-2.869,1.343
0.263,-0.989,0.244,1.221,0.488,3.540
0.262,-0.996,0.233,-0.671,3.723,5.981
0.258,-1.000,0.222,-2.075,6.226,7.507
0.259,-1.000,0.212,-3.540,8.423,8.240
0.256,-0.999,0.202,-4.944,9.949,8.606

0.801,-1.646,0.365,-65.796,20.569,154.907
0.840,-1.650,0.376,-82.336,39.490,180.237
0.859,-1.625,0.366,-97.473,55.176,208.313
0.883,-1.591,0.347,-107.056,69.092,235.107
0.951,-1.551,0.333,-112.427,81.726,257.812
0.977,-1.517,0.350,-114.807,96.497,274.231
0.976,-1.480,0.352,-115.784,112.061,280.457
1.020,-1.439,0.362,-119.202,129.883,281.067
0.993,-1.337,0.341,-126.465,146.179,282.227
0.941,-1.184,0.292,-132.812,156.189,283.508
0.945,-1.034,0.249,-136.230,161.926,284.851
0.952,-0.906,0.221,-136.169,163.879,285.278
0.882,-0.773,0.204,-133.057,162.231,286.438
0.754,-0.646,0.182,-128.601,155.884,287.354
0.712,-0.553,0.163,-121.277,145.203,281.982
0.851,-0.514,0.144,-109.680,133.911,267.090
0.864,-0.425,0.132,-95.886,123.840,244.324
0.692,-0.372,0.117,-80.505,113.037,222.290
0.595,-0.332,0.091,-65.613,101.624,202.271
0.642,-0.297,0.076,-51.392,92.102,183.777
0.664,-0.259,0.096,-38.879,82.886,172.241
0.551,-0.213,0.114,-28.503,69.519,167.847
0.413,-0.170,0.122,-19.348,54.443,168.945
0.328,-0.151,0.125,-12.024,41.443,172.852
0.257,-0.142,0.131,-6.531,31.067,174.927
0.160,-0.135,0.134,-3.418,23.010,172.607
0.096,-0.130,0.130,-0.732,16.846,165.222
0.054,-0.117,0.128,0.854,13.062,153.381
0.020,-0.110,0.135,1.221,11.841,140.747
0.039,-0.118,0.146,1.099,10.681,127.502
0.082,-0.104,0.151,0.916,8.667,112.000
0.111,-0.077,0.160,0.916,6.653,96.130
0.146,-0.052,0.173,1.343,3.052,81.482
0.208,-0.033,0.181,2.686,-2.014,69.092
0.252,-0.001,0.190,4.517,-7.629,60.181
0.285,0.025,0.196,7.202,-14.404,53.528
0.326,0.014,0.197,10.010,-21.667,48.584
0.365,-0.005,0.186,10.986,-27.161,43.152
0.391,-0.011,0.175,10.925,-28.931,35.461
0.414,-0.011,0.167,9.949,-26.550,26.611
0.466,-0.017,0.161,8.362,-21.118,17.517
0.530,-0.021,0.166,5.310,-13.611,9.644
0.583,-0.018,0.165,1.038,-6.042,3.662
0.644,-0.024,0.158,-4.089,1.038,-1.221
0.728,-0.030,0.153,-8.545,7.996,-5.798
0.786,-0.019,0.148,-12.451,14.221,-10.681
0.827,0.005,0.147,-15.137,18.921,-14.099
0.893,0.020,0.145,-16.968,21.973,-16.357
0.966,0.036,0.139,-17.822,23.621,-17.761
1.009,0.053,0.132,-17.273,23.254,-18.982
1.052,0.053,0.134,-15.442,21.179,-18.921
1.080,0.055,0.135,-12.268,16.907,-17.151
1.100,0.062,0.139,-7.812,10.803,-15.137
1.119,0.063,0.146,-2.625,3.235,-13.123
1.112,0.057,0.147,2.075,-5.310,-11.169
1.102,0.038,0.143,5.127,-14.343,-9.583
1.088,0.025,0.131,7.141,-23.560,-9.460
1.080,0.009,0.121,7.446,-31.494,-9.888
1.048,0.000,0.109,6.653,-36.926,-10.620
1.010,0.004,0.102,5.127,-39.673,-11.414
0.990,0.008,0.101,3.235,-39.307,-11.414
0.977,0.011,0.099,1.526,-36.499,-10.498
0.968,0.019,0.094,0.061,-32.776,-9.644
0.969,0.023,0.094,-0.732,-28.076,-9.583
0.963,0.028,0.093,-0.610,-23.071,-9.766
0.944,0.031,0.091,0.061,-18.311,-9.949
0.950,0.025,0.094,0.488,-13.489,-9.766
0.970,0.019,0.098,1.221,-9.460,-9.766
0.972,0.008,0.104,1.526,-6.409,-9.277
0.987,0.011,0.106,1.343,-4.578,-7.385
1.016,0.014,0.113,1.831,-4.395,-5.249
1.032,0.011,0.119,2.502,-5.432,-4.028
1.030,0.011,0.122,2.502,-7.690,-3.845
1.049,0.010,0.125,2.563,-11.108,-4.456
1.056,0.014,0.131,3.052,-15.442,-5.066
1.045,0.015,0.135,3.479,-20.447,-5.005
1.028,0.022,0.139,3.906,-25.513,-4.944
1.000,0.027,0.137,4.333,-29.968,-4.578
0.969,0.026,0.130,5.249,-33.203,-3.723
0.937,0.021,0.126,6.104,-34.729,-3.235
0.892,0.011,0.122,6.958,-34.058,-3.235
0.871,-0.001,0.124,7.629,-30.518,-3.418
0.857,-0.005,0.125,7.019,-25.208,-3.418
0.842,-0.007,0.126,6.287,-19.653,-3.662
0.835,-0.013,0.128,5.188,-13.428,-4.089
0.839,-0.021,0.134,3.601,-7.812,-5.493
0.842,-0.022,0.141,1.587,-2.930,-7.812
0.865,-0.035,0.153,-0.244,0.305,-10.193
0.904,-0.044,0.162,-1.770,2.014,-12.024
0.927,-0.038,0.167,-3.601,1.953,-13.428
0.965,-0.041,0.170,-5.188,0.244,-14.099
1.010,-0.040,0.170,-6.165,-2.441,-14.832
1.024,-0.026,0.169,-7.141,-6.104,-15.747
1.012,-0.017,0.166,-6.897,-10.010,-15.991
1.000,-0.010,0.161,-5.554,-12.817,-15.442
0.974,-0.004,0.158,-3.540,-13.611,-14.526
0.962,-0.017,0.158,-1.465,-12.268,-13.733
0.960,-0.032,0.157,0.000,-8.972,-13.367
0.952,-0.038,0.153,0.977,-4.883,-13.550
0.982,-0.059,0.158,1.099,-0.549,-13.184
1.032,-0.076,0.163,-0.549,3.784,-12.451
1.058,-0.070,0.166,-3.174,7.568,-12.085
1.068,-0.062,0.171,-5.798,10.803,-10.803
1.081,-0.054,0.171,-8.118,13.550,-8.850
1.085,-0.040,0.173,-9.827,16.052,-6.958
1.079,-0.025,0.172,-10.376,18.127,-5.981
1.060,-0.012,0.170,-9.705,19.409,-5.249
1.042,-0.007,0.170,-8.667,20.081,-4.272
1.024,-0.003,0.172,-7.629,19.775,-3.296
1.003,-0.002,0.172,-6.165,18.250,-2.380
0.986,-0.007,0.174,-4.578,15.991,-1.587
0.978,-0.014,0.178,-3.113,13.489,-0.977
0.964,-0.017,0.179,-1.709,9.949,-0.732
0.952,-0.022,0.181,-1.465,6.653,-1.038
0.947,-0.029,0.185,-1.221,2.930,-1.404
0.937,-0.032,0.184,-1.160,-0.854,-1.465
0.941,-0.042,0.186,-1.526,-4.761,-1.587
0.967,-0.059,0.187,-2.319,-8.362,-1.770
0.989,-0.063,0.190,-3.418,-11.475,-2.869

0.872,-1.241,0.547,97.168,-7.874,-170.288
0.864,-1.249,0.550,95.459,-13.367,-163.635
0.839,-1.275,0.537,96.680,-21.423,-160.767
0.811,-1.307,0.519,99.304,-28.198,-161.865
0.768,-1.345,0.492,102.905,-32.043,-167.114
0.723,-1.382,0.462,107.361,-32.593,-175.659
0.702,-1.421,0.438,111.572,-29.480,-184.692
0.696,-1.450,0.426,114.624,-23.621,-192.688
0.701,-1.473,0.422,116.699,-16.968,-198.669
0.712,-1.493,0.408,116.943,-10.986,-201.904
0.718,-1.500,0.379,114.319,-6.165,-202.026
0.718,-1.484,0.343,108.276,-1.465,-199.341
0.733,-1.450,0.305,100.098,3.418,-193.298
0.754,-1.407,0.256,90.454,7.935,-184.631
0.774,-1.354,0.212,80.505,11.230,-173.279
0.789,-1.287,0.184,69.824,12.817,-159.058
0.802,-1.211,0.172,59.875,12.573,-142.700
0.797,-1.149,0.168,51.575,10.010,-124.695
0.772,-1.112,0.171,44.678,5.798,-105.286
0.733,-1.086,0.175,38.452,1.038,-85.083
0.685,-1.067,0.182,32.898,-3.540,-65.002
0.626,-1.061,0.185,27.954,-7.751,-45.471
0.563,-1.078,0.182,22.644,-11.047,-26.733
0.503,-1.087,0.178,15.991,-13.428,-9.277
0.455,-1.085,0.176,8.240,-14.221,6.836
0.412,-1.073,0.174,0.427,-14.160,21.362
0.371,-1.071,0.172,-7.507,-13.306,34.180
0.335,-1.075,0.171,-14.709,-11.658,44.617
0.302,-1.072,0.170,-21.484,-9.644,52.551
0.272,-1.066,0.169,-27.466,-7.141,58.411
0.244,-1.059,0.164,-33.020,-4.089,62.744
0.214,-1.050,0.157,-37.537,-0.793,65.002
0.187,-1.035,0.147,-41.626,3.113,65.979
0.162,-1.018,0.135,-44.922,7.263,66.101
0.143,-1.001,0.125,-47.302,11.841,65.186
0.129,-0.985,0.119,-48.767,16.541,63.477
0.120,-0.971,0.114,-49.255,21.423,60.913
0.120,-0.952,0.108,-48.889,25.696,57.434
0.122,-0.929,0.107,-47.424,29.419,53.589
0.128,-0.910,0.105,-44.556,32.227,48.889
0.138,-0.896,0.104,-40.710,34.119,43.640
0.154,-0.886,0.106,-36.194,35.217,37.781
0.170,-0.876,0.106,-31.616,35.034,31.555
0.185,-0.865,0.108,-26.489,33.447,24.902
0.198,-0.858,0.110,-20.996,30.823,18.738
0.211,-0.856,0.114,-15.686,27.161,13.123
0.225,-0.858,0.121,-10.498,22.461,8.179
0.234,-0.860,0.129,-5.127,16.846,3.906
0.239,-0.865,0.135,-0.488,10.803,0.610
0.242,-0.878,0.142,3.967,4.578,-2.075
0.247,-0.896,0.145,7.935,-0.916,-3.784
0.246,-0.912,0.148,11.597,-5.859,-5.493
0.247,-0.927,0.152,14.526,-10.132,-7.324
0.248,-0.941,0.156,16.663,-14.282,-8.972
0.247,-0.953,0.160,18.005,-17.822,-10.193
0.241,-0.956,0.165,19.043,-21.057,-11.353
0.236,-0.966,0.166,19.287,-23.865,-12.146
0.232,-0.981,0.168,19.226,-26.123,-12.329
0.229,-0.984,0.170,18.738,-28.015,-12.329
0.224,-0.987,0.173,17.883,-29.358,-12.024
0.220,-0.994,0.173,16.479,-30.334,-11.536
0.215,-1.001,0.171,14.893,-30.701,-11.047
0.210,-1.003,0.169,13.184,-30.334,-10.559
0.208,-1.004,0.166,11.169,-29.480,-9.949
0.202,-1.001,0.164,9.583,-28.137,-9.338
0.200,-1.002,0.161,7.568,-26.306,-8.301
0.199,-1.001,0.161,5.676,-23.621,-7.446
0.198,-1.000,0.159,4.272,-20.874,-6.470
0.198,-0.996,0.160,3.052,-18.066,-5.493
0.197,-0.992,0.158,2.136,-15.137,-4.395
0.195,-0.989,0.157,1.404,-12.390,-3.479
0.191,-0.986,0.156,0.183,-9.277,-2.808
0.187,-0.983,0.155,-0.671,-6.348,-1.770
0.184,-0.979,0.155,-1.160,-2.991,-1.099
0.186,-0.975,0.156,-1.465,0.366,-0.671
0.194,-0.971,0.161,-1.343,3.357,-0.671
0.202,-0.970,0.161,-0.854,5.981,-1.282
0.208,-0.969,0.161,-0.916,8.484,-1.953
0.214,-0.969,0.162,-0.549,9.949,-2.625
0.223,-0.969,0.164,-0.671,10.742,-2.930
0.235,-0.973,0.167,-0.732,10.925,-2.991
0.247,-0.983,0.178,-1.160,10.620,-2.319
0.255,-0.983,0.185,-2.808,9.827,-0.671
0.258,-0.982,0.185,-5.188,8.362,1.343
0.263,-0.987,0.184,-7.446,6.958,3.357
0.264,-0.988,0.184,-10.254,6.104,5.371
0.263,-0.985,0.182,-12.878,5.615,6.775
0.264,-0.979,0.180,-14.832,5.493,7.507
0.265,-0.976,0.177,-16.418,6.104,7.812
0.268,-0.972,0.176,-17.517,7.080,7.629
0.269,-0.966,0.175,-17.578,7.935,6.836
0.274,-0.963,0.174,-16.846,8.667,5.737
0.281,-0.962,0.174,-15.625,9.277,4.639
0.290,-0.960,0.172,-13.977,9.399,3.357
0.299,-0.955,0.172,-12.207,9.155,2.075
0.310,-0.949,0.175,-10.010,8.789,0.854
0.329,-0.951,0.184,-7.385,8.057,0.122
0.348,-0.956,0.190,-5.127,6.409,0.366
0.358,-0.963,0.193,-3.418,4.211,1.099
0.358,-0.965,0.189,-1.770,2.136,2.136
0.360,-0.972,0.188,-0.427,1.221,3.296
0.361,-0.983,0.187,1.404,2.075,3.906
0.361,-1.004,0.199,3.357,5.615,3.662
0.391,-1.047,0.219,4.822,13.062,3.296
0.425,-1.097,0.216,4.333,24.597,3.784
0.451,-1.129,0.209,1.343,40.222,6.104
0.518,-1.166,0.224,-3.723,59.204,11.169
0.621,-1.212,0.247,-8.484,77.576,18.005
0.712,-1.246,0.272,-12.512,92.041,26.367
0.812,-1.274,0.310,-16.113,101.685,36.377
0.914,-1.316,0.336,-18.982,105.713,47.485
0.970,-1.348,0.342,-22.095,103.943,59.998
1.000,-1.387,0.338,-25.757,98.267,74.402
1.005,-1.436,0.318,-29.236,91.248,89.478
0.990,-1.476,0.291,-33.020,85.388,104.797
0.959,-1.493,0.264,-36.621,82.397,120.850
0.920,-1.492,0.236,-39.917,82.886,136.963
0.897,-1.497,0.210,-42.664,86.121,152.954
0.902,-1.519,0.191,-44.678,92.590,168.152

0.857,-1.529,0.134,-47.424,113.159,195.251
0.886,-1.530,0.108,-47.363,127.563,206.421
0.963,-1.517,0.101,-46.875,144.043,216.675
1.061,-1.490,0.102,-46.936,156.189,225.586
1.136,-1.472,0.084,-47.302,165.283,234.131
1.134,-1.401,0.054,-48.889,173.462,244.690
1.170,-1.288,0.031,-50.293,178.345,258.789
1.195,-1.139,0.060,-51.575,179.260,278.931
1.152,-0.988,0.078,-51.453,170.959,300.476
1.084,-0.894,0.068,-46.570,154.663,318.665
1.043,-0.835,0.075,-40.100,136.230,329.895
1.016,-0.808,0.073,-34.912,116.760,333.435
0.931,-0.762,0.050,-31.006,97.046,327.637
0.804,-0.666,0.051,-27.527,78.003,317.871
0.716,-0.587,0.073,-24.841,58.777,311.646
0.672,-0.523,0.066,-24.170,37.231,303.223
0.568,-0.441,0.052,-23.010,14.648,290.466
0.437,-0.365,0.037,-18.494,-6.470,274.902
0.336,-0.308,0.004,-12.878,-24.536,254.639
0.257,-0.248,-0.039,-6.104,-34.729,226.807
0.199,-0.184,-0.043,2.625,-36.560,196.899
0.170,-0.143,-0.028,11.597,-35.278,171.692
0.141,-0.124,-0.014,20.325,-34.119,150.085
0.135,-0.111,0.009,27.405,-33.936,133.667
0.151,-0.108,0.035,31.372,-34.790,121.948
0.160,-0.110,0.052,32.715,-36.621,113.281
0.178,-0.113,0.049,30.823,-38.086,105.713
0.163,-0.097,0.046,26.367,-36.987,98.145
0.134,-0.070,0.043,22.705,-32.837,91.675
0.162,-0.034,0.041,19.226,-26.611,85.205
0.205,0.001,0.046,16.296,-18.066,76.904
0.210,0.037,0.070,14.648,-9.827,68.298
0.219,0.059,0.096,14.160,-4.028,61.096
0.261,0.074,0.105,13.123,0.366,53.894
0.320,0.074,0.104,11.780,3.723,45.654
0.391,0.061,0.103,9.705,5.859,35.889
0.469,0.051,0.112,5.920,6.042,25.696
0.528,0.067,0.120,0.732,4.517,16.663
0.585,0.082,0.117,-3.906,1.221,10.010
0.642,0.094,0.100,-8.789,-2.686,5.066
0.691,0.110,0.077,-12.451,-5.066,-0.427
0.733,0.121,0.057,-14.832,-4.822,-5.737
0.772,0.125,0.043,-15.564,-2.136,-9.949
0.820,0.132,0.031,-15.869,2.075,-11.963
0.863,0.138,0.020,-16.052,7.568,-12.634
0.903,0.145,0.021,-16.296,13.245,-12.085
0.936,0.149,0.026,-16.357,17.639,-10.132
0.956,0.150,0.029,-16.418,19.226,-7.935
0.971,0.141,0.017,-16.113,18.677,-6.470
0.983,0.124,0.003,-15.503,17.578,-7.080
0.987,0.116,-0.002,-15.198,16.479,-8.972
0.970,0.118,-0.007,-15.381,14.832,-10.742
0.962,0.113,-0.018,-14.832,13.000,-12.085
0.969,0.105,-0.026,-14.038,12.329,-13.855
0.983,0.100,-0.029,-14.221,12.817,-15.442
0.990,0.103,-0.030,-14.587,13.245,-16.113
1.003,0.102,-0.030,-14.954,12.756,-15.442
1.038,0.094,-0.029,-15.503,11.414,-13.062
1.066,0.100,-0.030,-16.602,8.362,-9.766
1.088,0.111,-0.032,-16.907,3.296,-6.653
1.106,0.117,-0.041,-16.235,-2.075,-4.211
1.088,0.130,-0.049,-14.893,-7.507,-3.113
1.071,0.139,-0.052,-12.939,-12.390,-1.770
1.058,0.138,-0.064,-10.254,-16.174,-0.916
1.034,0.133,-0.081,-7.019,-17.944,-1.160
1.005,0.134,-0.088,-3.540,-16.418,-2.014
0.992,0.135,-0.083,-0.366,-12.634,-2.563
0.984,0.125,-0.076,2.441,-8.057,-2.197
0.975,0.118,-0.070,3.845,-3.174,-1.221
0.979,0.110,-0.062,4.639,1.282,0.000
0.983,0.105,-0.046,5.188,4.089,1.343
0.973,0.103,-0.034,5.127,4.883,2.136
0.959,0.104,-0.022,4.517,3.967,1.831
0.948,0.102,-0.012,4.028,1.953,0.854
0.938,0.092,-0.005,3.784,-1.099,-0.488
0.922,0.088,-0.001,3.662,-4.639,-2.075
0.907,0.084,0.003,3.296,-8.301,-3.235
0.923,0.069,0.005,2.930,-11.597,-4.211
0.939,0.066,-0.001,2.625,-14.587,-5.920
0.934,0.070,-0.011,2.808,-16.663,-7.202
0.943,0.077,-0.012,2.380,-16.724,-7.202
0.958,0.080,-0.013,2.197,-15.137,-6.958
0.973,0.073,-0.016,2.319,-11.963,-7.080
1.001,0.062,-0.021,2.441,-8.118,-7.629
1.018,0.064,-0.025,2.808,-3.784,-8.667
1.027,0.071,-0.018,2.930,-0.061,-9.338
1.037,0.078,-0.009,2.930,2.441,-8.545
1.052,0.076,-0.004,2.930,2.747,-6.653
1.049,0.078,-0.001,2.380,1.099,-3.967
1.038,0.081,0.003,1.709,-2.197,-1.770
1.033,0.087,0.012,1.892,-6.592,0.122
1.030,0.079,0.013,2.625,-12.207,1.709
1.004,0.077,0.012,3.174,-18.311,2.075
0.980,0.087,0.017,4.150,-24.109,1.892
0.964,0.071,0.013,5.493,-28.931,1.648
0.930,0.057,-0.004,5.798,-30.884,0.000
0.897,0.062,-0.016,5.371,-27.893,-2.502
0.877,0.070,-0.017,4.395,-21.118,-3.723
0.863,0.067,-0.014,3.418,-11.719,-4.517
0.853,0.070,-0.010,2.197,-1.892,-5.554
0.862,0.073,-0.002,1.038,7.507,-6.470
0.873,0.071,0.008,0.061,14.099,-7.507
0.867,0.076,0.017,-0.061,17.151,-9.033
0.853,0.084,0.031,-0.732,16.907,-10.376
0.825,0.093,0.041,-0.549,13.306,-11.414
0.781,0.107,0.051,0.366,7.080,-12.268
0.719,0.113,0.055,1.953,-0.671,-13.245
0.647,0.111,0.059,4.211,-9.277,-15.076
0.573,0.104,0.066,7.263,-18.372,-18.188
0.503,0.091,0.072,10.925,-27.527,-22.461
0.437,0.070,0.084,15.564,-36.865,-27.771
0.381,0.046,0.088,20.508,-46.082,-33.508
0.329,0.017,0.090,25.146,-55.237,-39.917
0.294,-0.019,0.096,28.992,-63.354,-46.692
0.262,-0.062,0.099,31.311,-70.496,-53.833
0.224,-0.102,0.091,31.128,-74.829,-61.584
0.200,-0.138,0.082,29.724,-75.989,-70.618
0.186,-0.169,0.072,27.466,-74.036,-80.505
0.178,-0.194,0.057,24.658,-68.726,-92.285

0.792,-1.302,0.497,47.363,-3.540,-134.155
0.823,-1.305,0.507,38.330,-1.343,-128.601
0.845,-1.291,0.502,28.198,-1.404,-121.582
0.860,-1.276,0.486,20.264,-2.136,-114.685
0.868,-1.252,0.466,13.733,-2.441,-108.337
0.863,-1.225,0.447,9.033,-2.136,-104.187
0.839,-1.198,0.418,6.470,-1.282,-102.539
0.810,-1.171,0.380,4.883,0.793,-101.807
0.780,-1.148,0.336,2.441,5.005,-101.013
0.752,-1.132,0.288,0.549,10.803,-99.854
0.733,-1.103,0.256,-0.977,18.372,-97.290
0.733,-1.065,0.236,-2.563,26.672,-92.896
0.735,-1.023,0.227,-2.747,33.447,-86.731
0.742,-0.998,0.230,-1.282,37.720,-78.369
0.747,-0.983,0.240,1.282,39.185,-68.359
0.742,-0.960,0.251,5.005,37.170,-57.373
0.723,-0.941,0.260,9.277,32.410,-45.776
0.698,-0.937,0.265,13.855,24.902,-33.508
0.669,-0.938,0.270,17.944,15.686,-20.691
0.631,-0.940,0.273,20.569,5.737,-8.423
0.582,-0.947,0.271,22.095,-3.967,2.991
0.536,-0.954,0.270,22.278,-12.939,13.550
0.493,-0.956,0.268,21.423,-20.874,22.705
0.440,-0.965,0.260,19.592,-27.527,29.602
0.386,-0.973,0.251,17.090,-32.410,34.973
0.340,-0.964,0.243,13.367,-35.095,38.757
0.300,-0.951,0.236,8.911,-35.828,40.710
0.262,-0.947,0.226,5.005,-34.912,40.955
0.239,-0.946,0.218,1.587,-32.593,40.161
0.226,-0.934,0.216,-1.770,-29.236,38.025
0.220,-0.921,0.214,-4.150,-25.574,34.668
0.223,-0.912,0.208,-5.981,-21.729,30.945
0.231,-0.905,0.206,-6.836,-18.616,26.733
0.240,-0.901,0.203,-6.714,-16.052,22.217
0.246,-0.896,0.199,-6.226,-14.099,17.578
0.248,-0.890,0.193,-5.188,-12.268,13.245
0.251,-0.885,0.188,-3.845,-10.864,9.766
0.257,-0.875,0.186,-2.930,-9.644,7.141
0.258,-0.863,0.185,-2.075,-8.484,5.188
0.255,-0.880,0.180,-1.221,-6.836,3.479
0.253,-0.900,0.177,-0.549,-5.066,2.136
0.257,-0.908,0.179,-0.427,-2.747,0.488
0.264,-0.913,0.179,-0.427,-0.671,-1.709
0.271,-0.920,0.180,-0.671,1.587,-3.296
0.282,-0.924,0.187,-0.183,3.540,-4.944
0.294,-0.922,0.193,0.732,4.395,-6.653
0.303,-0.921,0.201,1.648,4.761,-7.812
0.311,-0.926,0.208,2.869,4.517,-8.667
0.318,-0.934,0.215,4.028,3.601,-8.911
0.324,-0.938,0.220,4.272,2.686,-8.606
0.329,-0.940,0.222,4.089,1.404,-8.118
0.328,-0.945,0.224,3.784,0.122,-7.385
0.325,-0.946,0.225,3.479,-0.977,-6.348
0.320,-0.946,0.225,3.113,-1.770,-5.127
0.317,-0.952,0.227,2.686,-2.197,-4.089
0.317,-0.955,0.228,1.953,-1.770,-3.235
0.316,-0.951,0.232,1.038,-1.526,-2.686
0.319,-0.946,0.235,0.305,-1.343,-1.953
0.321,-0.945,0.239,-0.244,-1.282,-1.465
0.323,-0.943,0.241,-0.244,-1.038,-1.099
0.328,-0.945,0.243,-0.305,-0.854,-0.854
0.333,-0.948,0.249,0.244,-0.305,-0.732
0.339,-0.952,0.255,1.099,0.671,-0.427
0.345,-0.957,0.260,1.343,2.075,0.305
0.355,-0.961,0.266,1.648,3.784,1.404
0.360,-0.964,0.274,1.770,5.493,2.747
0.377,-0.968,0.285,1.099,7.263,3.967
0.406,-0.976,0.297,0.244,8.667,4.822
0.422,-0.980,0.302,-0.732,9.155,5.676
0.425,-0.977,0.301,-2.380,9.277,7.019
0.433,-0.975,0.300,-4.333,9.094,9.338
0.452,-0.973,0.305,-6.409,8.850,12.451
0.462,-0.969,0.306,-8.850,8.423,15.747
0.459,-0.963,0.301,-11.292,8.362,18.677
0.463,-0.960,0.296,-13.428,8.301,21.667
0.473,-0.962,0.292,-15.137,8.545,24.109
0.474,-0.963,0.287,-16.602,9.399,26.001
0.491,-0.961,0.292,-17.212,10.132,27.588
0.520,-0.965,0.298,-17.639,10.559,28.809
0.536,-0.964,0.298,-17.151,10.315,29.907
0.567,-0.968,0.308,-16.541,9.583,31.250
0.616,-0.982,0.319,-15.381,8.240,32.837
0.635,-0.990,0.322,-14.282,5.981,34.546
0.634,-0.987,0.323,-14.160,2.747,37.354
0.631,-0.988,0.325,-15.198,0.427,42.297
0.626,-0.987,0.323,-17.395,-1.465,48.584
0.644,-1.000,0.329,-20.020,-2.502,54.932
0.654,-1.010,0.329,-23.132,-1.953,60.669
0.653,-1.011,0.329,-26.123,-0.183,65.125
0.673,-1.013,0.332,-29.175,3.418,69.519
0.709,-1.020,0.342,-32.288,8.301,74.219
0.739,-1.029,0.354,-34.546,12.756,78.552
0.750,-1.028,0.360,-36.011,16.418,82.886
0.786,-1.023,0.370,-36.377,19.104,86.792
0.828,-1.030,0.383,-36.255,21.301,90.149
0.838,-1.026,0.383,-36.011,22.888,93.323
0.874,-1.030,0.391,-36.133,24.963,96.802
0.934,-1.045,0.399,-36.194,27.527,100.647
0.954,-1.051,0.397,-36.865,29.297,104.797
0.961,-1.059,0.392,-38.940,30.212,110.779
0.972,-1.078,0.384,-42.664,32.654,118.225
0.973,-1.074,0.372,-47.546,38.025,125.793
1.018,-1.079,0.373,-52.856,46.936,133.362
1.046,-1.076,0.361,-58.167,57.922,141.418
1.030,-1.032,0.334,-62.073,69.397,149.170
1.086,-1.014,0.321,-62.378,81.543,156.006
1.115,-0.986,0.311,-60.974,94.177,160.828
1.117,-0.925,0.306,-59.082,104.797,164.795
1.177,-0.900,0.308,-56.335,112.427,169.922
1.176,-0.857,0.301,-53.711,114.868,175.903
1.131,-0.791,0.282,-50.842,112.000,183.411
1.184,-0.784,0.265,-48.584,106.812,191.345
1.258,-0.813,0.245,-49.255,101.746,196.350
1.151,-0.748,0.202,-51.392,96.130,197.449
1.048,-0.656,0.156,-52.368,90.881,198.853
1.037,-0.581,0.134,-51.880,88.318,200.012
0.946,-0.496,0.114,-48.462,86.182,199.097
0.868,-0.433,0.106,-43.152,82.825,198.425
0.815,-0.374,0.111,-37.109,77.698,195.923

0.706,-1.479,0.356,30.457,-1.160,-134.033
0.702,-1.497,0.346,20.935,-1.526,-126.343
0.728,-1.508,0.346,14.343,1.099,-118.652
0.767,-1.503,0.361,10.925,5.737,-113.037
0.806,-1.493,0.388,11.292,10.498,-111.389
0.841,-1.479,0.407,14.343,14.221,-113.770
0.859,-1.462,0.395,17.761,16.113,-119.263
0.840,-1.435,0.346,18.555,17.212,-125.610
0.833,-1.382,0.296,15.503,19.226,-129.883
0.840,-1.331,0.246,10.376,21.790,-130.737
0.847,-1.271,0.211,3.479,24.292,-128.296
0.851,-1.201,0.190,-4.150,26.489,-121.887
0.863,-1.122,0.192,-10.437,26.367,-111.755
0.863,-1.042,0.207,-13.123,23.315,-98.145
0.838,-0.992,0.221,-11.902,17.761,-82.031
0.805,-0.958,0.235,-7.141,10.681,-63.232
0.759,-0.924,0.250,-0.305,2.991,-42.114
0.698,-0.924,0.253,6.653,-4.150,-20.142
0.635,-0.955,0.252,12.939,-10.498,1.526
0.562,-0.982,0.250,16.479,-15.381,21.667
0.489,-1.007,0.243,17.456,-18.372,39.185
0.427,-1.036,0.240,16.235,-19.165,52.917
0.374,-1.051,0.239,13.611,-17.639,62.317
0.329,-1.058,0.240,9.338,-14.343,67.688
0.296,-1.059,0.242,4.944,-10.742,70.129
0.271,-1.055,0.243,-0.366,-7.019,70.435
0.248,-1.043,0.241,-5.920,-3.296,68.481
0.231,-1.024,0.236,-11.292,-0.427,65.613
0.219,-1.008,0.226,-16.235,1.953,61.951
0.215,-0.998,0.211,-20.752,4.517,57.861
0.229,-0.982,0.202,-23.804,6.592,53.162
0.253,-0.957,0.193,-25.208,8.423,47.913
0.262,-0.935,0.177,-24.780,9.705,42.358
0.275,-0.916,0.167,-23.010,11.047,37.354
0.309,-0.904,0.170,-19.287,12.817,32.959
0.334,-0.895,0.166,-15.564,14.587,29.236
0.349,-0.895,0.164,-12.390,15.930,26.550
0.360,-0.904,0.165,-10.620,16.602,25.391
0.373,-0.909,0.171,-9.460,16.602,25.635
0.384,-0.916,0.180,-9.033,15.808,27.405
0.400,-0.927,0.191,-9.583,14.038,29.480
0.425,-0.941,0.208,-10.864,12.024,31.494
0.441,-0.954,0.219,-11.780,8.850,32.471
0.454,-0.964,0.229,-12.329,5.127,32.776
0.506,-0.983,0.249,-12.146,0.977,32.471
0.560,-1.000,0.269,-11.169,-3.967,31.311
0.581,-1.001,0.276,-10.193,-10.071,30.029
0.600,-1.012,0.281,-9.460,-16.479,30.029
0.623,-1.030,0.285,-8.911,-22.583,31.067
0.635,-1.049,0.283,-9.644,-27.588,32.898
0.637,-1.065,0.284,-11.719,-31.067,36.865
0.653,-1.079,0.288,-15.198,-32.471,43.518
0.679,-1.098,0.296,-19.897,-32.593,51.331
0.703,-1.118,0.307,-25.024,-31.067,59.875
0.723,-1.139,0.314,-29.724,-28.076,68.542
0.745,-1.161,0.317,-34.058,-23.560,76.660
0.796,-1.193,0.332,-37.720,-17.700,84.961
0.838,-1.225,0.352,-41.016,-10.498,94.421
0.866,-1.253,0.367,-46.448,-2.563,105.957
0.882,-1.272,0.373,-53.528,7.141,119.568
0.869,-1.271,0.354,-61.218,18.250,132.935
0.873,-1.256,0.337,-68.115,31.555,144.958
0.895,-1.245,0.335,-73.242,47.180,155.823
0.898,-1.209,0.327,-76.904,63.049,164.856
0.989,-1.192,0.333,-78.918,77.698,171.448
1.052,-1.194,0.328,-78.369,91.553,174.988
1.056,-1.162,0.304,-76.660,104.553,176.392
1.135,-1.129,0.302,-75.439,117.615,180.115
1.223,-1.100,0.298,-74.341,129.272,185.913
1.302,-1.074,0.303,-74.341,137.695,195.374
1.377,-1.030,0.312,-76.538,141.968,210.510
1.386,-0.940,0.291,-78.064,138.062,226.501
1.405,-0.869,0.255,-75.806,129.028,240.356
1.403,-0.840,0.234,-71.411,121.155,250.854
1.392,-0.840,0.213,-66.895,115.417,256.653
1.396,-0.837,0.199,-63.538,110.718,257.629
1.353,-0.789,0.158,-61.951,109.314,255.188
1.452,-0.796,0.119,-60.181,113.464,251.709
1.544,-0.751,0.075,-59.387,119.507,249.756
1.625,-0.667,0.039,-55.359,119.812,249.878
1.682,-0.550,0.057,-46.387,112.183,251.648
1.578,-0.436,0.085,-32.471,94.360,255.493
1.380,-0.368,0.092,-16.479,68.604,262.329
1.151,-0.332,0.095,-1.831,42.114,270.630
0.861,-0.303,0.086,10.925,18.677,278.320
0.661,-0.345,0.049,21.057,-0.305,283.447
0.596,-0.396,0.017,25.940,-12.024,279.114
0.423,-0.367,0.030,28.259,-17.273,268.066
0.186,-0.343,0.041,30.396,-19.226,262.146
0.102,-0.360,0.058,31.006,-18.555,255.127
0.047,-0.345,0.075,29.663,-16.479,240.967
-0.071,-0.294,0.099,27.344,-12.695,226.318
-0.146,-0.248,0.135,24.658,-9.033,214.539
-0.141,-0.193,0.153,20.691,-6.714,199.707
-0.140,-0.129,0.167,16.724,-5.981,182.068
-0.146,-0.087,0.185,12.512,-7.385,166.382
-0.143,-0.041,0.203,8.728,-10.864,150.330
-0.189,0.004,0.212,5.432,-17.395,134.766
-0.230,0.054,0.214,4.028,-24.475,122.375
-0.197,0.093,0.207,3.662,-30.029,110.229
-0.158,0.144,0.194,4.395,-34.180,95.093
-0.160,0.195,0.184,5.371,-37.170,79.895
-0.147,0.223,0.175,6.104,-38.940,66.162
-0.126,0.248,0.176,7.019,-38.818,51.697
-0.097,0.270,0.177,7.996,-37.537,37.476
-0.066,0.282,0.175,8.484,-36.133,23.926
0.017,0.291,0.164,8.240,-35.156,10.437
0.087,0.304,0.146,7.812,-35.278,-2.441
0.146,0.319,0.134,7.507,-36.438,-13.733
0.208,0.329,0.125,6.775,-37.598,-24.719
0.286,0.322,0.115,6.042,-37.842,-35.706
0.386,0.319,0.107,4.761,-37.170,-46.204
0.491,0.321,0.101,3.540,-36.072,-56.030
0.606,0.329,0.085,3.174,-35.156,-65.491
0.690,0.352,0.081,3.479,-33.691,-73.608
0.720,0.370,0.092,5.432,-31.982,-77.209
0.697,0.373,0.109,8.484,-31.372,-75.623
0.652,0.362,0.119,10.559,-31.738,-70.618
0.624,0.333,0.122,12.390,-32.410,-64.697

1.050,-1.046,0.417,45.898,9.644,-139.160
1.012,-1.077,0.400,57.800,-1.404,-145.081
0.972,-1.102,0.374,68.115,-11.353,-148.987
0.931,-1.116,0.354,76.599,-19.104,-150.696
0.893,-1.132,0.336,83.008,-23.743,-150.085
0.858,-1.150,0.313,87.097,-25.696,-147.095
0.843,-1.163,0.295,87.463,-25.818,-141.663
0.829,-1.160,0.274,84.473,-25.146,-134.460
0.821,-1.155,0.257,79.346,-23.682,-125.916
0.824,-1.137,0.245,72.388,-22.156,-116.455
0.835,-1.108,0.247,64.819,-22.400,-105.835
0.841,-1.082,0.262,58.472,-25.513,-94.116
0.834,-1.062,0.280,52.979,-32.104,-81.421
0.814,-1.046,0.288,49.561,-41.565,-67.627
0.776,-1.041,0.283,47.668,-52.429,-52.673
0.726,-1.035,0.274,46.631,-63.416,-36.499
0.673,-1.037,0.263,45.654,-73.059,-18.860
0.612,-1.049,0.247,42.847,-80.505,-1.465
0.539,-1.070,0.226,37.415,-84.412,14.954
0.478,-1.085,0.210,30.518,-84.167,29.480
0.442,-1.099,0.209,23.010,-79.895,40.833
0.419,-1.113,0.204,16.846,-72.144,47.974
0.412,-1.129,0.204,11.841,-61.890,52.368
0.432,-1.141,0.219,7.446,-49.683,55.115
0.461,-1.143,0.234,2.808,-36.682,57.007
0.485,-1.149,0.229,-1.160,-25.024,58.167
0.501,-1.153,0.218,-5.737,-13.672,60.486
0.549,-1.169,0.231,-10.803,-2.197,65.613
0.607,-1.202,0.251,-16.113,9.033,73.669
0.666,-1.233,0.273,-21.973,18.433,84.106
0.715,-1.255,0.286,-27.832,24.902,95.947
0.751,-1.259,0.279,-33.264,28.625,107.666
0.778,-1.255,0.268,-38.696,31.433,118.103
0.788,-1.259,0.253,-43.396,34.363,126.831
0.810,-1.266,0.239,-47.363,37.292,133.789
0.839,-1.279,0.234,-51.453,40.588,139.343
0.880,-1.292,0.231,-56.152,43.579,144.470
0.912,-1.294,0.232,-60.242,45.715,150.330
0.942,-1.284,0.238,-63.904,46.814,157.837
0.944,-1.251,0.232,-66.284,46.753,166.199
0.912,-1.200,0.219,-67.444,45.410,174.500
0.887,-1.162,0.214,-67.993,44.617,182.495
0.873,-1.131,0.203,-68.665,45.044,188.171
0.843,-1.087,0.187,-68.481,46.143,190.552
0.821,-1.023,0.177,-67.261,47.485,190.552
0.877,-0.985,0.176,-64.697,48.401,187.439
0.889,-0.944,0.185,-61.523,49.744,183.411
0.879,-0.894,0.183,-59.143,49.011,180.786
0.921,-0.857,0.182,-57.068,46.082,179.443
0.951,-0.834,0.190,-56.396,43.213,180.908
0.943,-0.809,0.189,-56.946,39.734,185.364
1.000,-0.800,0.203,-58.960,35.095,192.444
1.030,-0.767,0.214,-62.012,28.076,201.660
1.051,-0.744,0.193,-64.880,17.578,208.984
1.071,-0.735,0.175,-66.284,8.667,212.341
1.085,-0.724,0.161,-67.322,4.150,212.097
1.096,-0.684,0.153,-67.688,0.793,211.182
1.095,-0.632,0.138,-66.650,-2.319,209.534
1.068,-0.593,0.136,-63.599,-2.869,207.031
0.985,-0.551,0.127,-61.523,0.732,206.604
0.988,-0.544,0.109,-60.730,6.165,209.656
1.047,-0.532,0.104,-60.791,14.893,211.060
1.008,-0.475,0.113,-59.692,24.170,211.182
1.024,-0.441,0.126,-59.204,30.212,216.064
1.008,-0.383,0.132,-60.242,30.945,226.135
0.974,-0.342,0.126,-61.157,23.987,236.755
1.001,-0.296,0.124,-60.791,12.756,241.699
0.958,-0.248,0.113,-58.167,0.732,237.061
0.862,-0.207,0.076,-53.589,-9.216,228.577
0.664,-0.142,0.026,-45.593,-14.648,217.407
0.503,-0.099,-0.011,-34.546,-12.756,207.642
0.457,-0.066,-0.012,-23.376,-2.075,198.181
0.499,-0.053,-0.000,-13.184,12.695,187.927
0.535,-0.037,0.013,-4.028,26.001,173.767
0.450,-0.031,0.022,2.808,37.292,159.546
0.338,-0.040,0.027,5.859,45.593,152.771
0.279,-0.032,0.020,5.981,52.551,147.888
0.223,-0.011,0.022,3.845,60.242,142.456
0.113,-0.003,0.019,0.610,68.359,137.390
-0.070,0.009,-0.028,-3.967,79.285,130.371
-0.187,0.017,-0.072,-8.240,100.159,119.202
-0.135,0.041,-0.069,-13.367,129.028,105.225
-0.044,0.091,-0.039,-19.409,154.114,90.027
0.009,0.127,-0.011,-22.949,168.640,73.181
0.098,0.161,0.018,-24.048,172.241,56.274
0.173,0.202,0.047,-22.034,164.246,41.138
0.212,0.229,0.067,-16.541,146.362,28.198
0.271,0.239,0.080,-9.216,121.887,16.724
0.303,0.250,0.089,-1.526,93.689,5.615
0.249,0.247,0.092,5.066,64.331,-4.150
0.217,0.226,0.080,10.681,37.354,-12.268
0.217,0.206,0.070,14.221,15.076,-20.813
0.188,0.195,0.065,15.503,-2.380,-28.442
0.141,0.188,0.056,15.259,-16.968,-34.241
0.124,0.178,0.044,13.733,-28.076,-38.940
0.128,0.177,0.041,11.780,-37.048,-43.457
0.108,0.176,0.040,9.888,-44.739,-49.561
0.067,0.166,0.039,8.606,-51.392,-57.068
0.050,0.135,0.032,8.972,-56.396,-65.979
0.083,0.101,0.021,9.766,-59.998,-77.759
0.161,0.071,0.005,10.376,-63.354,-92.163
0.241,0.053,-0.015,11.475,-66.895,-109.314
0.281,0.052,-0.019,13.733,-69.275,-126.160
0.276,0.037,-0.012,17.761,-70.374,-139.954
0.295,-0.023,0.002,21.484,-69.519,-150.452
0.346,-0.083,0.016,23.682,-66.406,-158.813
0.369,-0.125,0.030,23.437,-62.500,-164.795
0.351,-0.173,0.042,21.790,-58.533,-166.504
0.336,-0.225,0.048,17.822,-53.101,-165.100
0.417,-0.292,0.053,11.780,-46.875,-164.795
0.664,-0.356,0.061,5.005,-41.748,-169.983
0.889,-0.383,0.058,-0.061,-39.551,-181.824
1.014,-0.389,0.065,-2.319,-40.710,-195.007
1.113,-0.355,0.082,-2.014,-43.518,-203.613
1.148,-0.294,0.098,1.282,-47.791,-205.811
1.105,-0.253,0.109,7.874,-55.420,-203.247
0.989,-0.253,0.102,15.503,-61.646,-195.801
0.858,-0.300,0.090,20.874,-58.838,-184.692
0.844,-0.407,0.112,21.545,-48.035,-174.316

1.969,-0.699,0.282,-19.836,-24.414,-173.706
1.847,-0.533,0.263,-20.569,-40.771,-173.279
1.680,-0.381,0.245,-15.808,-55.420,-162.048
1.535,-0.284,0.225,-5.737,-67.749,-145.691
1.394,-0.272,0.214,8.118,-75.134,-128.174
1.201,-0.301,0.202,21.851,-76.050,-112.915
1.024,-0.346,0.180,32.410,-72.510,-104.553
0.904,-0.407,0.155,40.955,-65.613,-102.722
0.844,-0.470,0.157,47.668,-57.861,-105.652
0.842,-0.543,0.186,51.697,-52.795,-111.633
0.843,-0.621,0.227,50.842,-50.171,-116.699
0.834,-0.657,0.233,47.119,-50.110,-122.314
0.887,-0.705,0.239,42.725,-51.208,-127.930
0.951,-0.745,0.268,37.292,-49.377,-129.700
0.985,-0.766,0.280,32.166,-46.143,-129.089
1.024,-0.790,0.305,27.649,-41.687,-126.526
1.041,-0.776,0.331,22.156,-35.828,-119.751
1.031,-0.740,0.338,19.104,-32.715,-112.366
1.014,-0.726,0.334,19.104,-31.738,-106.628
1.001,-0.719,0.330,23.315,-32.227,-103.638
0.966,-0.715,0.328,30.579,-35.400,-105.347
0.920,-0.730,0.320,40.894,-40.833,-111.633
0.875,-0.759,0.314,53.589,-46.753,-120.178
0.837,-0.811,0.306,66.589,-52.124,-129.700
0.847,-0.875,0.311,78.613,-54.749,-140.076
0.874,-0.929,0.322,88.440,-53.589,-150.940
0.896,-0.974,0.323,95.886,-48.889,-160.828
0.934,-1.026,0.339,101.074,-42.053,-167.603
1.031,-1.105,0.391,101.013,-34.363,-167.969
1.096,-1.148,0.466,92.407,-26.306,-156.738
1.078,-1.132,0.501,76.599,-22.278,-135.376
1.082,-1.112,0.500,60.059,-22.827,-112.061
1.141,-1.101,0.493,45.532,-22.217,-90.027
1.150,-1.083,0.481,33.264,-18.555,-69.397
1.116,-1.077,0.466,22.705,-12.695,-51.575
1.106,-1.068,0.453,13.062,-5.249,-38.696
1.077,-1.053,0.426,4.272,3.662,-29.297
1.039,-1.047,0.394,-3.845,13.855,-20.691
1.041,-1.050,0.379,-11.597,25.085,-11.292
1.057,-1.050,0.383,-19.287,36.255,-0.732
1.069,-1.032,0.382,-26.367,44.128,11.536
1.108,-1.011,0.391,-32.227,47.974,25.024
1.178,-1.009,0.400,-35.767,48.523,37.720
1.217,-1.024,0.403,-36.987,46.387,47.852
1.217,-1.050,0.407,-37.292,42.542,57.922
1.222,-1.071,0.407,-39.063,39.246,70.801
1.233,-1.085,0.407,-41.809,36.499,85.693
1.273,-1.107,0.406,-44.922,33.508,100.525
1.287,-1.135,0.403,-47.729,30.212,113.892
1.284,-1.156,0.398,-49.988,26.428,124.695
1.278,-1.166,0.392,-52.307,22.278,133.667
1.270,-1.167,0.381,-53.650,18.188,141.541
1.279,-1.170,0.370,-54.443,15.076,148.132
1.273,-1.180,0.364,-55.725,14.343,154.175
1.273,-1.171,0.355,-56.763,15.564,159.912
1.328,-1.171,0.375,-57.739,18.005,166.260
1.337,-1.156,0.393,-59.448,19.775,174.438
1.276,-1.104,0.377,-61.768,18.921,184.509
1.258,-1.053,0.358,-62.866,18.188,195.496
1.251,-1.020,0.340,-62.622,18.982,205.322
1.239,-1.004,0.327,-61.218,20.935,211.182
1.239,-1.009,0.335,-59.753,25.513,214.905
1.221,-0.977,0.339,-59.753,30.762,218.262
1.197,-0.907,0.322,-60.242,34.119,222.107
1.188,-0.847,0.300,-60.303,37.415,224.670
1.225,-0.809,0.307,-60.791,40.710,228.333
1.158,-0.763,0.302,-61.340,39.917,233.826
1.145,-0.732,0.288,-61.096,32.776,240.417
1.125,-0.682,0.298,-61.340,23.682,248.291
1.049,-0.636,0.275,-61.401,11.047,257.446
1.018,-0.600,0.245,-60.181,-3.296,262.695
0.886,-0.552,0.206,-57.312,-14.771,262.207
0.717,-0.512,0.159,-53.833,-23.376,260.742
0.609,-0.474,0.122,-50.476,-28.198,256.409
0.544,-0.435,0.091,-45.715,-29.053,248.047
0.504,-0.399,0.074,-40.771,-27.405,237.671
0.399,-0.368,0.059,-36.072,-24.048,226.440
0.287,-0.351,0.051,-32.471,-19.470,218.567
0.254,-0.320,0.057,-29.968,-14.648,209.717
0.221,-0.286,0.060,-26.978,-10.315,198.364
0.188,-0.274,0.066,-24.841,-7.812,189.392
0.226,-0.265,0.083,-23.560,-7.874,179.565
0.244,-0.227,0.089,-22.888,-9.888,167.480
0.166,-0.197,0.083,-22.705,-13.672,157.654
0.096,-0.166,0.076,-23.010,-18.860,150.940
0.060,-0.130,0.068,-23.254,-24.109,144.226
0.027,-0.098,0.060,-22.888,-28.687,136.780
-0.043,-0.078,0.049,-22.034,-31.799,128.540
-0.140,-0.060,0.036,-21.851,-32.288,120.178
-0.224,-0.039,0.020,-21.484,-29.602,110.291
-0.268,-0.021,0.010,-20.630,-23.315,97.961
-0.272,-0.001,0.010,-20.203,-14.954,83.557
-0.258,0.022,0.013,-19.226,-6.592,65.918
-0.249,0.043,0.018,-16.968,0.610,46.143
-0.244,0.054,0.028,-14.343,5.859,26.306
-0.222,0.062,0.046,-11.414,8.301,6.714
-0.180,0.067,0.061,-7.507,7.141,-12.329
-0.119,0.070,0.075,-2.747,2.808,-31.982
-0.081,0.059,0.086,3.296,-3.235,-51.514
-0.065,0.036,0.089,8.789,-9.888,-69.824
-0.047,0.025,0.093,13.489,-14.526,-86.426
-0.036,0.010,0.095,17.883,-15.808,-100.586
-0.018,-0.014,0.096,21.240,-13.611,-112.000
0.027,-0.045,0.102,23.499,-8.911,-122.864
0.115,-0.085,0.119,25.635,-2.625,-133.728
0.208,-0.111,0.139,27.039,3.540,-146.179
0.297,-0.128,0.163,28.015,8.606,-158.875
0.391,-0.141,0.191,29.236,10.620,-170.288
0.468,-0.159,0.217,31.128,9.399,-179.687
0.536,-0.187,0.236,32.288,5.798,-186.157
0.597,-0.209,0.242,32.471,2.380,-191.040
0.629,-0.221,0.235,32.471,1.831,-195.618
0.634,-0.241,0.237,30.945,4.883,-197.449
0.659,-0.282,0.260,27.588,11.292,-194.946
0.769,-0.337,0.307,21.118,18.616,-188.782
0.911,-0.356,0.343,12.695,21.729,-182.129
0.978,-0.345,0.358,6.653,18.250,-176.941
0.997,-0.334,0.370,4.150,9.949,-171.631
1.062,-0.351,0.382,4.150,-1.221,-166.199

1.138,-0.826,0.563,-1.892,-45.044,-103.271
1.082,-0.832,0.555,-12.390,-41.809,-94.360
1.052,-0.788,0.536,-19.958,-35.645,-95.032
0.993,-0.773,0.486,-22.705,-26.306,-101.257
0.979,-0.810,0.491,-22.827,-12.512,-113.159
0.942,-0.771,0.466,-20.630,0.549,-131.897
0.898,-0.739,0.441,-13.306,14.771,-149.597
0.919,-0.764,0.456,-3.052,29.785,-163.452
0.908,-0.769,0.433,8.667,40.649,-176.086
0.897,-0.803,0.413,21.179,50.659,-185.547
0.911,-0.875,0.417,32.288,60.242,-192.200
0.918,-0.928,0.413,39.490,66.895,-196.533
0.922,-0.956,0.399,42.725,70.740,-197.693
0.931,-0.976,0.389,42.480,72.449,-195.496
0.931,-0.989,0.370,40.710,71.777,-191.528
0.919,-0.985,0.345,38.818,69.275,-186.646
0.914,-0.976,0.324,38.208,66.711,-180.786
0.903,-0.947,0.312,38.940,63.110,-174.500
0.886,-0.912,0.300,41.016,58.899,-167.175
0.872,-0.901,0.279,44.250,53.711,-160.095
0.853,-0.906,0.254,49.866,46.936,-152.222
0.836,-0.904,0.246,56.641,39.978,-141.602
0.834,-0.901,0.270,64.331,33.264,-129.211
0.843,-0.922,0.295,72.388,24.475,-116.455
0.841,-0.944,0.308,79.590,12.024,-103.333
0.813,-0.966,0.307,84.778,-1.953,-89.355
0.774,-0.995,0.303,87.708,-15.442,-74.768
0.734,-1.005,0.303,87.708,-27.466,-59.692
0.696,-1.001,0.303,85.571,-38.086,-45.532
0.656,-1.003,0.298,82.703,-48.035,-32.837
0.611,-1.017,0.286,79.163,-57.861,-21.301
0.562,-1.031,0.259,74.585,-67.017,-10.925
0.516,-1.051,0.240,68.787,-75.012,-1.953
0.476,-1.062,0.234,61.340,-81.604,6.226
0.438,-1.067,0.233,52.979,-86.670,13.245
0.402,-1.058,0.230,44.006,-90.515,19.165
0.363,-1.044,0.226,34.668,-93.445,23.804
0.320,-1.033,0.216,25.330,-95.398,27.710
0.275,-1.018,0.201,16.357,-96.497,30.945
0.233,-1.011,0.183,7.996,-96.008,33.447
0.202,-1.009,0.167,0.488,-94.055,34.729
0.178,-0.999,0.155,-5.615,-90.149,34.729
0.169,-0.988,0.150,-10.803,-84.778,33.508
0.165,-0.982,0.149,-13.672,-78.979,31.128
0.165,-0.977,0.151,-15.442,-73.303,27.649
0.174,-0.970,0.158,-16.113,-67.749,23.682
0.191,-0.965,0.166,-15.625,-63.232,19.409
0.209,-0.961,0.177,-14.404,-60.120,15.076
0.217,-0.944,0.184,-13.855,-58.289,11.292
0.207,-0.923,0.183,-13.000,-58.289,8.118
0.186,-0.912,0.176,-12.634,-58.289,6.165
0.173,-0.907,0.172,-12.390,-57.617,5.615
0.158,-0.910,0.165,-12.329,-56.458,6.165
0.165,-0.916,0.178,-12.329,-54.993,7.080
0.225,-0.943,0.195,-13.000,-55.603,8.911
0.230,-0.936,0.198,-14.282,-61.401,9.277
0.206,-0.934,0.190,-15.564,-69.275,8.606
0.193,-0.938,0.183,-16.113,-76.294,7.141
0.177,-0.940,0.178,-15.747,-81.421,4.211
0.164,-0.948,0.186,-14.282,-84.717,0.244
0.166,-0.963,0.213,-12.878,-86.975,-4.089
0.192,-0.980,0.265,-11.414,-90.088,-9.644
0.231,-0.979,0.306,-11.108,-98.083,-16.846
0.241,-0.970,0.316,-12.024,-111.938,-24.841
0.241,-0.979,0.332,-12.878,-127.991,-32.349
0.279,-0.978,0.349,-14.526,-147.644,-39.734
0.311,-0.993,0.366,-16.907,-172.974,-46.753
0.401,-1.026,0.410,-19.897,-203.430,-53.650
0.460,-1.005,0.432,-24.536,-245.483,-63.232
0.434,-0.974,0.400,-27.283,-292.847,-77.148
0.383,-0.939,0.346,-26.733,-337.952,-92.590
0.319,-0.872,0.254,-23.682,-377.563,-107.422
0.203,-0.806,0.124,-17.151,-409.729,-119.080
0.035,-0.798,0.030,-7.751,-428.894,-125.427
-0.069,-0.808,0.030,0.122,-435.791,-127.258
-0.128,-0.819,0.060,5.005,-437.683,-126.282
-0.190,-0.876,0.110,9.033,-435.425,-124.756
-0.292,-0.939,0.134,9.521,-432.190,-126.282
-0.445,-0.980,0.129,7.202,-424.988,-132.690
-0.656,-1.072,0.137,2.747,-410.950,-143.799
-0.770,-1.103,0.134,-3.784,-389.832,-162.292
-0.811,-1.044,0.126,-10.803,-360.535,-183.960
-0.825,-1.018,0.133,-18.738,-324.463,-194.153
-0.809,-1.047,0.257,-34.180,-290.466,-192.322
-0.736,-1.027,0.330,-55.298,-262.756,-188.965
-0.661,-1.008,0.329,-80.627,-238.647,-181.641
-0.582,-0.953,0.326,-108.765,-216.064,-168.579
-0.536,-0.955,0.275,-136.108,-198.669,-149.719
-0.529,-0.994,0.194,-161.743,-183.472,-129.517
-0.539,-0.936,0.155,-185.852,-166.321,-111.633
-0.576,-0.846,0.183,-203.796,-148.315,-90.393
-0.625,-0.775,0.239,-213.013,-134.705,-67.261
-0.708,-0.730,0.240,-214.844,-126.099,-45.959
-0.857,-0.695,0.236,-208.679,-117.249,-28.320
-0.979,-0.709,0.251,-197.205,-101.624,-16.235
-1.063,-0.738,0.291,-185.547,-76.843,-9.521
-1.108,-0.730,0.367,-175.049,-44.373,-5.676
-1.089,-0.743,0.446,-166.931,-8.789,-0.854
-1.069,-0.772,0.499,-162.659,25.085,5.798
-1.096,-0.816,0.470,-162.903,59.265,15.442
-1.119,-0.865,0.431,-166.687,95.947,26.062
-1.219,-0.964,0.389,-174.255,135.986,33.081
-1.144,-0.952,0.473,-186.646,175.476,36.926
-1.020,-0.961,0.569,-200.562,201.416,39.429
-0.911,-1.003,0.641,-216.614,213.623,38.574
-0.823,-1.006,0.713,-233.276,214.783,32.593
-0.756,-0.954,0.747,-249.268,208.862,26.733
-0.686,-0.895,0.750,-262.329,199.219,21.606
-0.648,-0.789,0.766,-271.362,189.331,15.625
-0.741,-0.601,0.615,-273.560,179.077,12.939
-0.762,-0.589,0.697,-263.733,182.556,17.334
-0.763,-0.496,0.480,-252.808,187.378,19.531
-0.781,-0.599,0.449,-234.802,205.933,26.611
-0.850,-0.485,0.468,-225.586,235.474,22.766
-0.730,-0.515,0.481,-211.182,271.118,26.978
-0.411,-0.584,0.585,-205.261,298.950,28.137
-0.148,-0.545,0.788,-206.665,307.983,18.799
-0.017,-0.441,0.870,-209.534,296.326,8.789
0.024,-0.376,0.853,-210.083,271.362,1.343

1.618,-0.201,-0.515,-3.845,41.931,129.822
1.605,-0.149,-0.455,5.310,27.710,140.137
1.660,-0.220,-0.506,16.663,1.709,151.611
1.553,-0.240,-0.544,24.719,-23.376,158.630
1.482,-0.179,-0.530,31.921,-41.443,167.542
1.482,-0.153,-0.523,41.199,-56.641,182.617
1.671,-0.219,-0.521,49.927,-66.467,199.829
1.520,-0.090,-0.495,56.030,-73.853,214.172
1.396,-0.319,-0.398,64.331,-80.444,230.713
1.315,-0.290,-0.439,56.885,-93.079,231.995
1.364,-0.156,-0.331,51.025,-97.961,238.647
1.303,-0.057,-0.227,49.744,-104.736,245.789
1.106,-0.062,-0.280,53.162,-120.422,247.620
0.978,0.001,-0.175,56.030,-127.808,247.253
0.850,0.003,-0.147,60.547,-132.263,249.329
0.743,-0.048,-0.141,65.369,-132.202,247.620
0.618,-0.043,-0.032,67.871,-128.296,241.211
0.449,-0.023,-0.002,67.932,-127.869,237.671
0.329,-0.018,-0.010,65.918,-125.977,233.765
0.198,-0.032,0.038,62.561,-118.164,229.126
0.066,-0.048,0.049,57.129,-112.122,224.548
0.025,-0.057,0.081,48.523,-107.544,216.309
-0.046,-0.077,0.092,37.537,-106.445,200.500
-0.113,-0.028,0.087,25.085,-107.483,178.406
-0.142,0.053,0.057,13.733,-108.154,157.043
-0.187,0.096,0.022,6.226,-106.506,137.024
-0.189,0.149,0.004,2.258,-101.196,115.173
-0.228,0.198,-0.029,1.404,-95.947,92.102
-0.296,0.234,-0.053,3.784,-89.111,71.350
-0.328,0.269,-0.054,7.935,-77.515,52.063
-0.328,0.303,-0.037,12.451,-61.157,33.813
-0.326,0.316,-0.013,17.029,-43.030,17.944
-0.298,0.312,0.008,20.996,-25.513,4.333
-0.243,0.290,0.024,23.804,-10.315,-7.812
-0.185,0.272,0.054,23.926,0.671,-20.386
-0.125,0.273,0.078,22.522,8.240,-34.485
-0.045,0.283,0.094,20.508,13.184,-50.720
0.062,0.297,0.103,19.958,16.357,-68.054
0.160,0.306,0.115,20.142,17.273,-85.144
0.260,0.307,0.126,20.874,15.320,-102.173
0.328,0.312,0.130,23.010,11.841,-118.713
0.353,0.308,0.134,25.879,8.606,-130.859
0.337,0.287,0.140,28.870,6.592,-136.780
0.335,0.249,0.143,31.006,6.958,-138.489
0.334,0.216,0.155,31.006,9.521,-138.672
0.325,0.184,0.171,29.846,13.245,-137.756
0.379,0.136,0.176,27.954,16.663,-137.390
0.517,0.107,0.177,25.513,18.188,-139.832
0.628,0.101,0.186,23.254,17.090,-144.531
0.661,0.079,0.188,22.278,13.306,-149.353
0.697,0.054,0.193,20.935,7.568,-152.710
0.709,0.058,0.207,19.836,0.488,-154.785
0.674,0.056,0.213,19.592,-6.409,-154.541
0.600,0.032,0.195,19.958,-11.963,-153.687
0.548,-0.009,0.180,19.958,-13.550,-152.466
0.616,-0.075,0.182,18.250,-10.559,-151.489
0.755,-0.124,0.185,12.634,-4.211,-154.236
0.875,-0.151,0.177,5.310,3.357,-160.156
1.002,-0.167,0.179,-0.793,9.705,-166.565
1.144,-0.175,0.195,-5.859,13.184,-169.434
1.203,-0.139,0.222,-11.353,12.085,-165.344
1.162,-0.082,0.236,-13.977,3.235,-156.311
1.067,-0.032,0.230,-12.756,-11.841,-145.508
1.001,0.001,0.223,-7.080,-29.053,-134.583
0.945,-0.025,0.239,0.610,-45.105,-123.474
0.833,-0.087,0.246,6.104,-56.946,-112.305
0.822,-0.182,0.213,9.155,-66.772,-106.995
0.855,-0.293,0.180,7.568,-68.665,-108.093
0.871,-0.333,0.118,2.441,-58.777,-116.211
0.931,-0.261,0.075,-0.427,-43.640,-131.592
1.011,-0.218,0.071,2.380,-29.480,-147.949
1.151,-0.241,0.149,8.362,-20.386,-162.231
1.245,-0.179,0.255,13.794,-21.057,-170.288
1.336,-0.145,0.340,19.470,-37.170,-166.809
1.353,-0.182,0.370,24.963,-63.232,-150.574
1.387,-0.162,0.401,31.311,-97.046,-128.479
1.329,-0.220,0.407,42.358,-135.071,-104.675
1.250,-0.263,0.421,53.711,-169.434,-86.914
1.216,-0.282,0.422,64.209,-201.355,-75.684
1.180,-0.319,0.437,73.792,-231.018,-71.777
1.156,-0.352,0.430,82.458,-259.460,-76.233
1.069,-0.356,0.422,90.088,-286.255,-85.693
0.968,-0.364,0.498,97.473,-307.312,-95.642
0.923,-0.413,0.596,104.065,-325.684,-103.455
0.876,-0.509,0.668,107.483,-340.271,-106.689
0.782,-0.600,0.760,103.271,-338.379,-96.558
0.783,-0.620,0.792,95.581,-334.412,-77.026
0.817,-0.593,0.826,92.163,-340.881,-55.603
0.804,-0.577,0.880,95.947,-352.722,-35.156
0.714,-0.557,0.873,104.919,-367.615,-16.418
0.658,-0.628,0.876,117.065,-380.920,-2.808
0.591,-0.730,0.907,128.235,-392.944,0.854
0.550,-0.852,0.964,134.766,-407.776,-1.709
0.508,-0.890,0.977,134.338,-430.359,-8.789
0.395,-0.881,0.954,132.202,-453.003,-18.555
0.241,-0.891,0.958,130.249,-467.773,-27.405
0.084,-0.858,0.999,127.380,-475.464,-36.072
-0.083,-0.785,1.001,127.197,-476.685,-45.227
-0.291,-0.709,0.970,132.690,-465.881,-51.514
-0.556,-0.678,0.941,142.273,-438.110,-51.331
-0.796,-0.818,0.971,151.123,-393.982,-44.800
-0.870,-1.010,1.080,151.184,-343.262,-41.016
-0.824,-1.123,1.148,140.747,-295.959,-48.218
-0.770,-1.153,1.214,120.728,-250.122,-62.988
-0.717,-1.078,1.259,96.069,-208.374,-82.397
-0.677,-0.934,1.248,73.547,-172.424,-99.548
-0.700,-0.799,1.172,55.725,-139.282,-109.131
-0.787,-0.708,1.042,42.725,-103.821,-111.938
-0.840,-0.659,0.929,34.668,-61.096,-109.619
-0.861,-0.677,0.828,30.701,-11.597,-102.112
-0.828,-0.722,0.800,26.733,40.955,-90.698
-0.760,-0.718,0.771,20.935,91.309,-77.515
-0.772,-0.704,0.702,16.846,138.794,-62.927
-0.756,-0.663,0.591,14.282,188.721,-46.875
-0.684,-0.548,0.406,13.062,242.371,-28.564
-0.594,-0.508,0.336,18.005,305.481,-5.127
-0.507,-0.555,0.309,29.419,368.774,17.029
-0.374,-0.642,0.318,46.509,425.110,32.776
-0.205,-0.711,0.334,68.054,471.191,41.199

1.053,-1.159,0.389,119.324,379.150,68.542
1.080,-1.176,0.392,105.408,333.008,78.003
1.122,-1.202,0.369,89.966,289.917,85.205
1.106,-1.164,0.317,73.853,249.878,92.041
1.054,-1.094,0.258,60.547,213.623,101.563
1.065,-1.143,0.193,50.842,182.678,112.000
1.082,-1.188,0.122,39.856,156.860,118.774
1.112,-1.181,0.120,25.269,134.583,124.329
1.043,-1.097,0.108,8.057,113.586,132.935
1.026,-1.200,0.112,-6.958,97.046,145.996
1.116,-1.155,0.146,-25.696,80.811,150.574
1.100,-1.024,0.071,-42.236,61.890,161.865
1.118,-1.016,0.079,-55.481,51.575,183.960
1.185,-1.169,0.082,-68.726,41.077,200.256
1.117,-1.172,-0.013,-86.365,27.222,202.026
1.067,-1.082,0.064,-105.713,29.297,206.604
1.035,-0.938,0.119,-122.803,30.823,219.055
1.015,-0.800,0.097,-133.606,24.109,232.666
0.996,-0.776,0.043,-137.695,18.738,247.803
1.035,-0.823,0.050,-139.465,16.724,255.127
1.055,-0.694,0.136,-142.639,12.756,254.456
0.988,-0.510,0.160,-142.029,0.488,259.277
0.973,-0.439,0.172,-134.644,-17.456,266.968
1.023,-0.435,0.223,-126.953,-40.283,270.386
1.083,-0.410,0.229,-124.023,-68.970,279.236
1.013,-0.335,0.190,-120.728,-108.398,295.715
0.920,-0.312,0.165,-111.755,-154.053,304.016
0.885,-0.298,0.157,-105.103,-198.486,304.749
0.635,-0.249,0.091,-99.731,-237.183,300.964
0.445,-0.163,0.106,-93.140,-260.498,289.673
0.403,0.015,0.168,-83.496,-273.437,275.146
0.377,0.077,0.094,-68.665,-286.194,265.381
0.331,0.046,0.016,-51.697,-289.001,255.554
0.265,0.040,0.017,-36.316,-282.593,245.178
0.126,0.082,-0.040,-20.691,-270.935,235.291
0.110,0.036,0.008,-5.798,-248.169,226.196
0.158,0.027,0.078,4.089,-220.459,217.041
0.070,0.075,0.063,9.277,-195.007,208.008
0.000,0.116,0.154,12.085,-161.560,195.740
-0.022,0.122,0.182,13.611,-124.634,177.673
-0.098,0.129,0.131,13.245,-86.060,154.663
-0.176,0.170,0.129,11.169,-37.903,126.465
-0.128,0.242,0.152,10.437,18.982,91.248
-0.042,0.233,0.176,11.780,78.369,54.138
-0.093,0.214,0.138,12.512,136.719,17.273
-0.065,0.209,0.125,11.414,201.660,-18.616
0.044,0.175,0.150,9.644,269.287,-54.016
0.050,0.153,0.100,6.348,333.008,-89.600
0.087,0.137,-0.020,4.944,397.339,-124.390
0.284,0.105,-0.119,4.028,452.576,-152.161
0.452,0.065,-0.199,2.380,490.356,-172.485
0.498,0.017,-0.279,1.648,517.029,-191.162
0.611,-0.044,-0.304,0.427,540.466,-206.238
0.705,-0.069,-0.327,-0.916,554.504,-215.393
0.754,-0.093,-0.386,-0.122,560.120,-223.022
0.910,-0.145,-0.406,-0.366,562.439,-230.896
1.066,-0.201,-0.417,-2.380,555.542,-236.084
1.079,-0.214,-0.437,-4.883,539.062,-235.535
1.029,-0.237,-0.457,-8.606,519.897,-230.042
1.023,-0.268,-0.498,-14.221,500.427,-223.999
0.987,-0.283,-0.561,-19.775,481.506,-219.116
0.870,-0.284,-0.645,-25.452,466.187,-215.149
0.721,-0.282,-0.756,-29.724,457.336,-214.417
0.635,-0.299,-0.874,-30.884,457.275,-217.957
0.624,-0.385,-0.992,-30.518,461.365,-224.426
0.625,-0.429,-1.078,-33.875,463.135,-231.140
0.608,-0.427,-1.129,-40.710,461.853,-235.413
0.614,-0.401,-1.144,-48.523,456.116,-234.924
0.646,-0.377,-1.135,-54.321,439.270,-230.591
0.730,-0.352,-1.051,-57.617,404.114,-222.412
0.828,-0.359,-0.934,-60.303,346.619,-208.740
0.841,-0.383,-0.885,-63.843,267.700,-189.209
0.833,-0.392,-0.811,-67.566,180.420,-166.199
0.797,-0.328,-0.628,-70.862,86.426,-139.221
0.790,-0.224,-0.509,-67.322,-23.499,-109.375
0.757,-0.640,-1.337,-55.664,-137.085,-78.430
0.296,-0.953,-1.353,-65.063,-184.814,-68.481
0.040,-0.611,-1.086,-96.069,-209.961,-70.801
0.208,-0.883,-1.603,-94.788,-248.108,-67.932
-0.088,-0.684,-1.673,-95.276,-243.835,-80.688
-0.249,-0.369,-1.561,-86.182,-221.313,-74.707
-0.144,-0.433,-1.602,-51.697,-192.566,-55.481
-0.037,-0.667,-1.625,-25.330,-152.588,-52.124
-0.050,-0.603,-1.445,-18.860,-108.948,-60.547
0.065,-0.472,-1.282,-7.935,-73.303,-67.383
0.245,-0.399,-1.088,12.329,-50.598,-70.618
0.457,-0.528,-1.121,36.926,-54.199,-71.045
0.565,-0.663,-1.147,53.772,-70.740,-76.294
0.577,-0.576,-1.161,60.486,-99.243,-80.261
0.589,-0.509,-1.186,74.402,-127.625,-66.101
0.693,-0.511,-1.115,87.585,-144.836,-33.081
0.825,-0.575,-1.127,93.506,-167.664,10.437
0.825,-0.592,-1.116,92.834,-195.740,53.833
0.783,-0.579,-1.023,88.074,-224.548,92.346
0.832,-0.616,-1.039,84.229,-255.920,124.146
0.867,-0.679,-1.133,80.139,-282.288,149.536
0.812,-0.660,-1.095,72.754,-296.326,167.969
0.322,-0.559,-0.945,64.087,-299.561,177.795
0.113,-0.550,-0.817,62.683,-249.268,174.255
0.151,-2.056,0.420,60.120,-184.814,138.428
0.186,-1.781,2.094,-86.243,-201.538,24.719
1.130,1.101,0.328,-213.562,-185.181,9.094
1.120,1.235,-0.696,-157.288,-241.943,98.938
0.897,0.456,-0.171,-82.642,-266.357,113.098
0.470,0.135,-0.068,-44.739,-226.379,143.005
0.401,0.011,-0.486,-22.217,-213.867,182.861
0.831,-0.257,-0.396,4.639,-193.481,211.060
1.227,-0.547,-0.397,25.635,-187.500,229.431
1.587,-0.736,-0.523,37.903,-214.478,237.061
1.372,-0.835,-0.627,28.015,-261.230,223.083
1.236,-0.329,-0.879,16.541,-298.401,213.806
1.346,-0.310,-0.665,29.968,-320.190,217.346
1.121,-0.289,-0.576,40.955,-330.078,213.562
0.887,0.119,-0.485,20.142,-312.622,200.378
0.876,0.144,-0.126,16.541,-277.710,195.435
0.723,0.060,-0.183,29.480,-244.934,188.110
0.414,0.361,-0.033,32.104,-210.205,168.152
0.217,0.477,0.281,33.630,-147.400,146.301
0.396,0.340,0.296,31.372,-74.341,128.418

0.863,0.284,0.886,27.893,25.635,2.991
1.069,0.056,0.518,26.855,12.024,19.287
0.812,0.272,0.239,25.208,0.610,9.216
0.287,0.804,-0.282,19.470,0.244,-4.089
0.426,0.442,0.101,-6.287,36.499,-9.216
0.789,0.076,-0.093,-7.324,66.040,-26.550
0.925,0.133,-0.225,-12.329,80.139,-42.603
0.932,0.212,-0.276,-18.005,89.233,-55.420
0.921,0.072,-0.377,-16.479,87.830,-68.176
1.016,-0.069,-0.462,-8.240,82.336,-82.214
1.237,-0.130,-0.483,-4.395,71.106,-89.600
1.391,-0.126,-0.516,-2.014,49.927,-93.445
1.407,-0.081,-0.512,2.441,27.832,-90.820
1.355,-0.082,-0.505,9.155,9.460,-81.726
1.247,0.142,-0.492,13.000,2.441,-67.322
1.280,0.330,-0.137,8.484,9.155,-51.147
1.458,0.357,0.179,9.155,13.977,-33.020
1.675,0.328,0.344,16.113,7.874,-9.583
1.802,0.143,0.359,28.076,-8.789,13.550
1.720,0.066,0.232,40.527,-30.518,27.588
1.520,0.103,0.106,43.945,-42.297,38.818
1.453,0.146,0.071,41.748,-34.668,51.331
1.502,0.124,0.059,39.429,-24.841,67.627
1.566,0.102,0.032,35.645,-24.780,83.984
1.572,0.092,-0.060,27.100,-33.325,101.563
1.538,0.047,-0.139,12.878,-48.218,119.995
1.504,0.016,-0.213,-6.287,-67.261,134.583
1.456,0.045,-0.256,-25.330,-84.473,141.357
1.365,0.124,-0.185,-41.626,-91.125,143.799
1.313,0.221,-0.045,-59.998,-90.271,144.897
1.320,0.321,0.019,-82.214,-86.609,145.020
1.230,0.340,0.005,-104.553,-77.698,148.621
1.279,0.504,-0.016,-126.282,-66.406,152.710
1.259,0.592,-0.111,-138.000,-55.908,163.757
1.155,0.604,-0.174,-142.883,-44.128,175.842
1.056,0.670,-0.261,-143.005,-33.264,184.875
1.057,0.782,-0.345,-134.949,-22.400,192.627
1.124,0.880,-0.395,-117.920,-10.925,199.097
1.118,0.927,-0.393,-96.130,1.099,202.209
1.057,0.913,-0.391,-74.951,10.803,203.613
1.007,0.905,-0.428,-56.641,16.357,202.393
1.003,0.906,-0.416,-39.063,21.240,200.195
1.027,0.880,-0.370,-23.071,25.391,201.355
1.005,0.772,-0.367,-8.484,27.527,209.778
0.921,0.671,-0.351,0.305,25.879,222.961
0.902,0.616,-0.288,3.296,23.254,237.061
0.887,0.602,-0.240,3.906,17.944,248.657
0.771,0.623,-0.254,3.540,9.277,257.568
0.606,0.649,-0.312,2.991,2.869,265.198
0.456,0.684,-0.346,3.479,3.967,268.982
0.387,0.703,-0.332,6.470,13.733,266.846
0.291,0.683,-0.334,12.024,28.870,258.484
0.174,0.632,-0.352,18.066,47.363,248.779
0.082,0.564,-0.343,24.231,66.772,240.051
0.019,0.478,-0.316,30.518,84.351,231.934
-0.041,0.405,-0.284,34.668,96.619,224.854
-0.116,0.369,-0.262,36.194,103.577,217.407
-0.171,0.337,-0.236,38.086,106.567,208.374
-0.199,0.296,-0.208,40.588,103.760,196.594
-0.255,0.269,-0.205,42.847,96.069,181.702
-0.325,0.269,-0.235,45.532,87.036,164.246
-0.315,0.231,-0.219,49.988,79.041,143.188
-0.315,0.203,-0.216,52.551,70.313,119.507
-0.350,0.105,-0.279,54.382,61.340,96.069
-0.498,0.022,-0.327,51.941,53.833,70.068
-0.575,-0.239,-0.447,45.288,53.223,39.307
-0.863,-0.658,-0.306,24.292,64.697,15.869
-1.031,-0.611,0.162,-22.766,112.427,-17.212
-0.662,0.023,0.087,-75.012,157.104,-57.922
-0.178,0.367,0.009,-96.741,158.020,-71.533
-0.028,0.616,0.108,-101.013,154.663,-64.087
0.179,0.782,0.109,-95.764,134.766,-56.763
0.427,0.841,0.122,-76.172,90.942,-49.072
0.624,0.854,0.262,-54.993,48.340,-34.607
0.615,0.963,0.235,-45.715,13.306,-18.372
0.468,0.982,0.129,-42.664,-26.978,-9.094
0.307,1.018,0.073,-38.513,-50.293,-1.770
0.155,1.170,0.013,-35.645,-44.922,2.258
0.077,1.333,0.025,-28.687,-20.874,3.967
0.027,1.370,0.013,-21.484,3.357,-0.061
0.045,1.456,0.005,-12.329,19.226,-10.803
0.075,1.466,0.081,-1.404,23.987,-19.775
0.011,1.473,0.150,5.737,24.231,-24.902
-0.002,1.466,0.167,6.104,25.391,-28.381
0.051,1.437,0.108,3.479,27.039,-31.189
0.136,1.426,0.012,-1.221,34.912,-33.142
0.256,1.450,-0.090,-6.104,44.556,-30.701
0.417,1.390,-0.212,-7.385,46.570,-20.874
0.589,1.263,-0.284,-5.981,39.063,-4.883
0.668,1.167,-0.340,-6.348,20.691,11.292
0.613,1.137,-0.413,-9.094,-7.935,25.879
0.553,1.082,-0.465,-9.277,-37.415,39.246
0.526,1.038,-0.527,-8.911,-63.904,50.232
0.354,0.977,-0.607,-6.226,-84.412,56.152
0.189,0.917,-0.664,-1.892,-85.754,53.650
0.224,0.818,-0.562,3.418,-64.026,52.673
0.249,0.717,-0.665,11.230,-46.936,55.908
0.172,0.635,-0.821,22.095,-38.635,60.913
0.147,0.296,-0.868,33.691,-25.818,66.406
0.019,-0.400,-0.500,34.363,-14.160,63.538
-0.412,-0.474,0.013,-3.357,-8.850,39.856
-0.607,0.158,-0.061,-49.255,-13.428,-2.075
-0.469,0.577,-0.232,-64.880,-6.409,-22.278
-0.339,0.612,-0.121,-50.659,18.555,-15.686
-0.166,0.708,0.132,-32.532,35.706,-10.071
0.030,0.796,0.278,-19.897,26.306,-6.653
0.005,0.726,0.240,-13.916,-0.732,-4.211
-0.185,0.672,0.011,-16.052,-27.649,-2.930
-0.433,0.837,-0.260,-14.771,-41.443,-5.310
-0.403,0.912,-0.283,-6.287,-30.579,-13.062
-0.215,1.038,-0.321,0.916,-1.221,-23.804
-0.164,1.184,-0.582,9.277,11.108,-40.100
-0.204,1.239,-0.539,28.198,28.809,-55.603
-0.223,1.256,-0.296,41.870,53.589,-73.364
-0.233,1.243,-0.302,43.823,79.224,-94.604
-0.253,1.344,-0.219,41.931,113.098,-115.173
-0.109,1.414,-0.188,39.429,149.170,-131.653
0.159,1.384,-0.078,35.278,183.350,-136.719
0.473,1.274,0.106,25.024,211.060,-129.944

0.612,1.098,-1.082,44.250,228.943,-272.949
0.629,0.993,-1.144,76.172,243.958,-274.536
0.649,0.861,-1.172,106.567,264.587,-276.123
0.658,0.777,-1.231,132.446,286.987,-276.245
0.660,0.684,-1.323,154.358,312.988,-270.630
0.690,0.568,-1.362,171.204,343.018,-255.493
0.766,0.485,-1.329,182.861,367.187,-232.056
0.839,0.440,-1.301,190.430,378.418,-204.285
0.931,0.426,-1.214,193.848,381.042,-174.316
1.035,0.432,-1.041,194.092,372.559,-142.273
1.077,0.446,-0.866,191.956,345.581,-111.755
1.039,0.490,-0.730,189.575,304.138,-87.463
0.982,0.520,-0.613,191.650,257.935,-69.702
0.904,0.534,-0.533,198.975,211.243,-57.373
0.829,0.499,-0.481,210.815,169.128,-50.537
0.785,0.416,-0.439,223.389,133.972,-47.913
0.767,0.341,-0.421,231.079,104.065,-47.119
0.722,0.319,-0.409,233.215,80.139,-46.448
0.668,0.336,-0.445,231.628,61.768,-44.312
0.679,0.350,-0.483,227.112,46.875,-40.161
0.765,0.016,-0.428,223.877,30.396,-30.640
0.453,-0.303,0.455,204.834,5.981,-26.428
0.394,-0.096,1.051,119.019,3.113,-33.203
0.511,0.307,0.945,10.742,7.019,-20.996
0.562,0.547,0.691,-61.401,-8.911,0.427
0.457,0.695,0.457,-90.027,-29.663,17.151
0.323,0.713,0.333,-91.858,-45.715,25.940
0.177,0.758,0.160,-81.787,-59.265,22.583
0.117,0.727,0.118,-65.552,-66.650,12.512
0.139,0.671,0.050,-58.350,-61.768,7.019
0.233,0.655,-0.069,-63.660,-45.776,7.141
0.334,0.685,-0.288,-74.585,-25.085,14.404
0.387,0.762,-0.502,-81.665,-10.193,21.729
0.446,0.876,-0.724,-79.224,-6.348,26.123
0.432,0.944,-0.764,-74.463,-6.531,31.128
0.476,0.954,-0.756,-72.632,-8.545,34.485
0.488,1.029,-0.837,-69.275,-9.460,39.124
0.569,1.055,-0.738,-60.730,-12.451,42.358
0.522,1.150,-0.716,-51.819,-19.043,44.739
0.512,1.210,-0.693,-41.809,-30.396,40.710
0.406,1.211,-0.733,-28.870,-38.696,36.194
0.366,1.165,-0.742,-16.052,-44.617,31.250
0.348,1.171,-0.753,-6.531,-45.532,29.114
0.348,1.186,-0.780,2.869,-40.039,30.273
0.318,1.142,-0.784,13.428,-30.945,35.339
0.261,1.053,-0.745,25.024,-19.287,35.889
0.187,1.000,-0.657,37.720,-4.517,29.114
0.106,0.951,-0.566,50.537,15.564,19.958
0.090,0.802,-0.393,59.265,41.565,11.597
0.146,0.668,-0.279,61.401,61.279,1.953
0.264,0.588,-0.120,60.303,70.862,-6.714
0.414,0.619,-0.082,54.932,63.538,-12.146
0.400,0.710,-0.202,51.147,43.945,-12.695
0.329,0.662,-0.181,52.917,27.832,-11.108
0.385,0.490,-0.045,44.128,24.048,-6.226
0.401,0.487,-0.022,25.696,17.639,-3.296
0.342,0.570,-0.028,13.977,5.859,-4.028
0.293,0.551,-0.036,11.902,-1.343,-5.432
0.233,0.506,-0.092,11.536,-4.395,-4.822
0.217,0.477,-0.047,6.714,1.770,-2.319
0.296,0.497,-0.025,-2.747,6.042,-1.282
0.423,0.567,0.048,-12.512,-3.967,-3.784
0.584,0.694,0.022,-23.315,-31.311,-4.456
0.544,0.818,-0.112,-32.898,-66.528,1.343
0.266,0.833,-0.462,-37.170,-82.336,7.996
0.149,0.696,-0.225,-33.508,-69.458,8.423
0.288,0.836,-0.475,-39.185,-54.321,6.042
0.332,0.772,-0.204,-41.687,-42.786,9.583
0.337,0.763,-0.294,-57.495,-36.133,13.000
0.297,0.822,-0.224,-71.289,-29.114,18.372
0.242,0.796,-0.171,-85.938,-20.142,21.729
0.206,0.758,-0.251,-96.130,-7.446,21.545
0.233,0.806,-0.239,-96.008,12.512,19.409
0.380,0.872,-0.334,-93.933,30.884,15.320
0.466,0.796,-0.191,-87.646,37.231,9.888
0.636,0.945,-0.382,-85.266,40.588,9.155
0.757,0.878,-0.456,-76.599,37.415,21.484
0.679,0.759,-0.520,-80.078,32.837,43.518
0.611,0.754,-0.561,-98.572,30.701,59.692
0.571,0.837,-0.558,-122.742,25.879,66.467
0.504,0.954,-0.632,-140.869,20.264,65.674
0.481,1.073,-0.748,-145.630,14.465,59.509
0.488,1.134,-0.796,-135.803,5.554,51.208
0.504,1.181,-0.840,-116.455,-7.996,40.161
0.506,1.218,-0.864,-92.163,-29.785,26.550
0.475,1.253,-0.838,-68.726,-55.969,14.221
0.429,1.255,-0.813,-47.729,-82.214,5.249
0.403,1.218,-0.835,-30.334,-106.323,-1.160
0.374,1.189,-0.904,-18.127,-125.244,-5.188
0.323,1.126,-0.964,-8.911,-135.376,-5.859
0.255,1.049,-0.995,-2.441,-135.559,-4.395
0.227,0.978,-1.040,2.014,-129.150,-5.005
0.221,0.933,-1.102,5.371,-120.422,-7.751
0.276,0.947,-1.090,10.132,-108.276,-10.681
0.363,0.974,-1.036,20.508,-96.863,-11.658
0.438,0.990,-0.966,35.522,-93.506,-12.573
0.465,0.992,-0.904,55.237,-95.398,-13.550
0.447,0.934,-0.830,77.515,-97.290,-13.184
0.422,0.849,-0.745,96.191,-95.886,-12.634
0.409,0.749,-0.696,108.215,-92.957,-13.306
0.408,0.656,-0.639,111.938,-89.661,-14.526
0.419,0.615,-0.603,108.765,-86.304,-15.198
0.444,0.590,-0.601,103.088,-84.167,-14.832
0.446,0.571,-0.589,97.534,-81.604,-12.695
0.453,0.545,-0.539,92.285,-75.928,-8.789
0.496,0.532,-0.477,87.708,-68.787,-2.991
0.557,0.524,-0.399,84.534,-64.636,4.578
0.599,0.503,-0.318,82.153,-63.965,13.306
0.609,0.484,-0.245,79.773,-65.796,21.484
0.583,0.467,-0.218,77.332,-70.435,28.687
0.531,0.427,-0.232,74.280,-76.050,34.546
0.462,0.404,-0.216,69.519,-77.637,39.490
0.473,0.406,-0.157,63.416,-73.792,44.495
0.407,0.013,0.259,49.927,-74.341,48.828
-0.151,-0.046,0.502,4.639,-82.214,27.954
-0.133,0.275,0.232,-43.213,-85.388,-8.423
0.320,0.482,0.371,-60.852,-79.956,-7.812
0.390,0.525,0.412,-65.674,-106.995,7.324
0.141,0.593,0.357,-65.002,-143.860,8.484

0.922,0.963,-0.811,-125.671,-143.738,5.066
0.919,0.938,-0.915,-121.460,-177.979,29.907
0.879,0.920,-0.970,-118.652,-209.961,55.054
0.857,0.910,-1.011,-117.981,-234.375,76.782
0.874,0.898,-1.081,-116.821,-253.174,95.215
0.877,0.909,-1.126,-113.220,-270.752,112.244
0.857,0.919,-1.125,-106.140,-286.133,128.052
0.824,0.905,-1.116,-96.313,-299.194,141.907
0.795,0.830,-1.102,-87.158,-309.082,152.649
0.764,0.782,-1.035,-83.130,-315.369,161.377
0.778,0.873,-0.991,-81.726,-320.496,169.495
0.810,0.952,-0.986,-76.538,-327.637,185.730
0.771,0.934,-0.925,-67.932,-337.341,209.229
0.674,0.833,-0.924,-59.509,-343.262,230.652
0.594,0.821,-0.887,-55.664,-341.980,248.108
0.548,0.895,-0.850,-50.537,-336.304,263.306
0.537,0.926,-0.842,-38.879,-329.163,275.330
0.549,0.878,-0.855,-24.414,-322.327,284.790
0.453,0.849,-0.900,-11.719,-314.575,293.701
0.262,0.843,-0.916,2.563,-298.767,296.204
0.148,0.796,-0.856,17.578,-273.376,292.236
0.098,0.753,-0.792,30.029,-247.314,285.278
-0.053,0.771,-0.787,40.222,-223.145,275.940
-0.293,0.803,-0.757,52.979,-189.697,261.658
-0.419,0.763,-0.642,66.406,-145.691,244.385
-0.392,0.700,-0.540,77.820,-104.187,224.060
-0.337,0.656,-0.491,86.243,-73.853,200.439
-0.335,0.627,-0.469,92.163,-53.772,174.622
-0.379,0.628,-0.414,96.436,-41.626,146.606
-0.445,0.653,-0.368,100.891,-34.546,118.408
-0.474,0.638,-0.327,107.483,-29.114,92.712
-0.469,0.585,-0.267,113.708,-24.719,71.960
-0.478,0.502,-0.209,116.760,-21.606,56.702
-0.530,0.297,-0.246,117.126,-16.479,44.800
-0.574,-0.040,-0.115,109.253,-12.634,31.006
-0.744,-0.304,0.643,75.989,-20.752,9.155
-0.650,-0.019,0.738,-1.404,-15.076,5.798
-0.383,0.367,0.428,-64.819,23.010,12.878
-0.196,0.617,0.321,-96.375,25.818,6.958
-0.040,0.908,0.183,-100.830,20.752,7.019
0.147,1.138,0.102,-87.402,18.433,2.014
0.286,1.251,0.129,-63.599,16.113,-6.958
0.314,1.255,0.169,-37.354,9.644,-16.296
0.312,1.169,0.250,-15.625,4.272,-23.743
0.299,1.070,0.302,-5.249,4.456,-24.902
0.247,0.969,0.339,-4.333,7.263,-25.085
0.220,0.918,0.343,-8.728,8.423,-24.536
0.150,0.901,0.310,-15.686,4.883,-20.874
0.046,0.841,0.283,-22.400,0.610,-15.625
-0.047,0.780,0.263,-27.954,-2.319,-10.742
-0.127,0.789,0.258,-33.691,-6.042,-8.362
-0.217,0.795,0.245,-39.368,-9.949,-10.559
-0.291,0.822,0.216,-43.823,-9.155,-14.587
-0.356,0.859,0.213,-46.753,-3.967,-19.226
-0.396,0.905,0.207,-50.354,4.028,-25.818
-0.409,0.944,0.148,-56.030,13.672,-33.875
-0.355,1.011,0.034,-63.721,25.635,-42.603
-0.257,1.010,-0.091,-70.129,37.170,-50.720
-0.113,1.022,-0.200,-75.928,42.480,-56.580
0.130,0.992,-0.338,-80.139,33.386,-58.533
0.228,0.943,-0.503,-82.458,7.263,-55.725
0.105,0.985,-0.710,-81.665,-30.151,-56.152
-0.073,1.085,-0.929,-74.341,-57.495,-58.044
-0.170,1.177,-0.845,-59.631,-53.528,-62.195
-0.115,1.276,-0.700,-46.936,-32.715,-73.853
-0.080,1.283,-0.732,-34.790,-11.230,-85.632
-0.056,1.260,-0.758,-22.522,16.663,-96.924
0.066,1.249,-0.749,-12.451,46.814,-109.924
0.239,1.237,-0.682,-3.540,72.693,-121.399
0.381,1.196,-0.584,4.700,89.111,-128.723
0.487,1.149,-0.508,11.719,99.060,-130.432
0.595,1.091,-0.433,17.212,105.957,-123.474
0.672,1.022,-0.365,20.996,106.323,-107.178
0.704,0.959,-0.326,22.949,100.952,-87.158
0.733,0.953,-0.345,22.949,93.262,-66.895
0.785,0.986,-0.383,25.696,84.473,-46.326
0.864,1.013,-0.396,32.349,73.486,-24.536
0.867,1.055,-0.411,43.579,56.091,-1.770
0.831,1.026,-0.376,61.584,35.583,19.714
0.853,0.933,-0.301,79.895,15.015,41.443
0.867,0.850,-0.241,93.506,-7.996,65.186
0.826,0.801,-0.191,102.051,-32.532,89.661
0.762,0.753,-0.149,106.079,-52.612,117.249
0.777,0.558,-0.017,104.553,-69.763,145.569
0.230,-0.109,0.687,77.881,-94.421,164.612
-0.601,0.106,0.592,4.761,-108.398,145.081
-1.018,0.251,0.517,-47.058,-98.572,97.778
-0.941,0.670,0.612,-68.604,-67.566,50.171
-0.741,1.125,0.540,-87.891,-44.739,22.949
-0.494,0.998,0.535,-92.224,-4.395,17.700
-0.087,0.875,0.633,-88.379,15.137,12.512
0.282,0.933,0.586,-83.374,-12.573,8.484
0.483,0.957,0.479,-77.942,-61.462,16.357
0.611,0.886,0.295,-71.777,-117.554,35.522
0.709,0.777,0.006,-66.345,-176.270,62.744
0.626,0.654,-0.303,-59.021,-225.342,91.919
0.427,0.560,-0.555,-53.040,-258.911,112.122
0.173,0.560,-0.632,-54.504,-277.527,119.507
-0.074,0.719,-0.573,-62.195,-276.611,110.962
-0.229,0.916,-0.562,-66.589,-254.395,91.187
-0.276,1.015,-0.600,-62.134,-215.820,67.871
-0.257,1.069,-0.604,-49.377,-170.410,44.189
-0.201,1.083,-0.577,-32.776,-126.526,22.644
-0.119,1.033,-0.535,-16.968,-88.562,2.686
-0.033,0.988,-0.489,-5.249,-58.960,-15.259
0.041,0.942,-0.430,3.967,-38.269,-30.518
0.099,0.888,-0.370,9.644,-24.963,-42.969
0.136,0.813,-0.316,11.292,-17.761,-53.467
0.153,0.765,-0.308,8.667,-15.198,-60.425
0.177,0.768,-0.320,3.967,-15.686,-63.965
0.217,0.771,-0.313,-0.244,-17.639,-64.209
0.233,0.771,-0.309,-3.357,-21.790,-62.195
0.204,0.766,-0.321,-4.333,-28.259,-59.448
0.171,0.743,-0.339,-3.418,-35.217,-57.007
0.156,0.748,-0.387,-0.671,-40.771,-55.603
0.136,0.751,-0.418,5.432,-44.739,-55.847
0.127,0.737,-0.431,13.367,-46.875,-57.800
0.133,0.709,-0.435,21.912,-48.340,-60.974
0.127,0.687,-0.434,30.151,-50.720,-65.735

